feature_name,feature_group,total_rows,null_count,null_rate,non_null_count,unique_values,min,max,mean
match_id,metadata,15973,0,0.0,15973,15973,,,
source,metadata,15973,0,0.0,15973,3,,,
date,metadata,15973,0,0.0,15973,2628,1262390400000000.0,1784419200000000.0,1527324634182683.0
home_team,metadata,15973,0,0.0,15973,338,,,
away_team,metadata,15973,0,0.0,15973,333,,,
neutral,metadata,15973,0,0.0,15973,2,0.0,1.0,0.3085206285606962
tournament,metadata,15973,0,0.0,15973,108,,,
competition_type,metadata,15973,0,0.0,15973,7,,,
stage,metadata,15973,15833,0.9912352094158893,140,24,,,
group,metadata,15973,15865,0.9932385901208289,108,24,,,
country,metadata,15973,140,0.008764790584110687,15833,225,,,
city,metadata,15973,140,0.008764790584110687,15833,1371,,,
venue,metadata,15973,15973,1.0,0,0,,,
home_score,metadata,15973,103,0.006448381644024291,15870,20,0.0,22.0,1.6111531190926276
away_score,metadata,15973,103,0.006448381644024291,15870,20,0.0,20.0,1.117391304347826
result,metadata,15973,103,0.006448381644024291,15870,3,,,
home_win,metadata,15973,103,0.006448381644024291,15870,2,0.0,1.0,0.47851291745431634
draw,metadata,15973,103,0.006448381644024291,15870,2,0.0,1.0,0.23213610586011343
away_win,metadata,15973,103,0.006448381644024291,15870,2,0.0,1.0,0.28935097668557025
goal_diff,metadata,15973,103,0.006448381644024291,15870,39,-20.0,22.0,0.4937618147448015
total_goals,metadata,15973,103,0.006448381644024291,15870,23,0.0,22.0,2.7285444234404537
home_matches_last_5,rolling_form,15973,0,0.0,15973,6,0.0,5.0,4.96957365554373
away_matches_last_5,rolling_form,15973,0,0.0,15973,6,0.0,5.0,4.966130344957115
home_matches_last_10,rolling_form,15973,0,0.0,15973,11,0.0,10.0,9.911475615100482
away_matches_last_10,rolling_form,15973,0,0.0,15973,11,0.0,10.0,9.903336880986664
home_win_rate_last_5,rolling_form,15973,57,0.0035685218806736367,15916,11,0.0,1.0,0.3915755633743822
away_win_rate_last_5,rolling_form,15973,59,0.003693733174732361,15914,11,0.0,1.0,0.3763908089313393
home_win_rate_last_10,rolling_form,15973,57,0.0035685218806736367,15916,28,0.0,1.0,0.3919250669187839
away_win_rate_last_10,rolling_form,15973,59,0.003693733174732361,15914,25,0.0,1.0,0.3760787147584935
home_goals_for_avg_last_5,rolling_form,15973,57,0.0035685218806736367,15916,58,0.0,12.0,1.3858412917818548
away_goals_for_avg_last_5,rolling_form,15973,59,0.003693733174732361,15914,53,0.0,21.0,1.3424982195970008
home_goals_against_avg_last_5,rolling_form,15973,57,0.0035685218806736367,15916,67,0.0,15.4,1.3422614559772137
away_goals_against_avg_last_5,rolling_form,15973,59,0.003693733174732361,15914,73,0.0,16.5,1.3881540362783293
home_goal_diff_avg_last_5,rolling_form,15973,57,0.0035685218806736367,15916,102,-15.2,11.5,0.04357983580464103
away_goal_diff_avg_last_5,rolling_form,15973,59,0.003693733174732361,15914,110,-16.5,21.0,-0.04565581668132881
home_goals_for_avg_last_10,rolling_form,15973,57,0.0035685218806736367,15916,102,0.0,12.0,1.3880186455079642
away_goals_for_avg_last_10,rolling_form,15973,59,0.003693733174732361,15914,95,0.0,21.0,1.3400799136629222
home_goals_against_avg_last_10,rolling_form,15973,57,0.0035685218806736367,15916,120,0.0,15.4,1.344559333325355
away_goals_against_avg_last_10,rolling_form,15973,59,0.003693733174732361,15914,127,0.0,16.5,1.3888125360319656
home_goal_diff_avg_last_10,rolling_form,15973,57,0.0035685218806736367,15916,174,-15.2,11.5,0.0434593121826095
away_goal_diff_avg_last_10,rolling_form,15973,59,0.003693733174732361,15914,174,-16.5,21.0,-0.048732622369043126
home_days_since_last_match,rolling_form,15973,57,0.0035685218806736367,15916,495,1.0,5796.0,48.20532797185223
away_days_since_last_match,rolling_form,15973,59,0.003693733174732361,15914,530,1.0,5841.0,51.771961794646224
rest_days_diff,rolling_form,15973,80,0.005008451762348964,15893,799,-5131.0,5446.0,-3.5177751211225066
home_elo_pre_match,basic_elo,15973,0,0.0,15973,15871,1014.4771458858622,2008.828151039581,1562.7409407711846
away_elo_pre_match,basic_elo,15973,0,0.0,15973,15869,1018.5377105060684,2016.0074252950362,1545.8096144792182
elo_diff,basic_elo,15973,0,0.0,15973,15899,-860.1496135180996,846.2555659578793,16.931326291966506
home_fifa_rank,fifa_rankings,15973,6796,0.4254679772115445,9177,206,1.0,210.0,70.28745777487197
away_fifa_rank,fifa_rankings,15973,7020,0.4394916421461216,8953,206,1.0,210.0,75.35652853792025
fifa_rank_diff,fifa_rankings,15973,8214,0.5142427846991798,7759,368,-204.0,204.0,-4.597241912617605
is_world_cup,baseline,15973,0,0.0,15973,2,0.0,1.0,0.027671695986978027
is_qualifier,baseline,15973,0,0.0,15973,2,0.0,1.0,0.379390220997934
is_continental_tournament,baseline,15973,0,0.0,15973,2,0.0,1.0,0.07255994490703062
is_friendly,baseline,15973,0,0.0,15973,2,0.0,1.0,0.3175358417329243
match_weight,baseline,15973,0,0.0,15973,3816,0.00018476958948978158,1.5,0.1382033539339488
target_result_class,target,15973,103,0.006448381644024291,15870,3,0.0,2.0,1.1891619407687462
target_home_goals,target,15973,103,0.006448381644024291,15870,20,0.0,22.0,1.6111531190926276
target_away_goals,target,15973,103,0.006448381644024291,15870,20,0.0,20.0,1.117391304347826
status,metadata,15973,0,0.0,15973,3,,,
last_updated,metadata,15973,15930,0.9973079571777375,43,2,,,
source_priority,metadata,15973,0,0.0,15973,3,1.0,3.0,2.988543166593627
duplicate_group_id,metadata,15973,0,0.0,15973,15973,,,
home_dynamic_rating_pre,dynamic_ratings,15973,0,0.0,15973,15871,950.4060926000662,2110.038816331521,1580.132299090231
away_dynamic_rating_pre,dynamic_ratings,15973,0,0.0,15973,15869,949.3709365825424,2118.4764739363795,1559.9286432738566
dynamic_rating_diff,dynamic_ratings,15973,0,0.0,15973,15899,-1015.5529660218803,1006.4788659544076,20.203655816374443
home_overall_rating_pre,pi_ratings,15973,0,0.0,15973,15870,-54.50237491297447,56.24320621284199,7.544153898913023
away_overall_rating_pre,pi_ratings,15973,0,0.0,15973,15869,-52.521841031531245,55.71979813890337,6.037616670654718
overall_rating_diff,pi_ratings,15973,0,0.0,15973,15898,-76.65504101427058,76.16724880971972,1.5065372282583038
home_attack_rating_pre,pi_ratings,15973,0,0.0,15973,15869,-3.2516032645581805,3.032710149962786,0.43342879381710636
away_attack_rating_pre,pi_ratings,15973,0,0.0,15973,15869,-3.212031697784905,3.0354208603870427,0.346640848572564
attack_rating_diff,pi_ratings,15973,0,0.0,15973,15898,-4.229381376782262,4.282703665165933,0.08678794524454235
home_defense_rating_pre,pi_ratings,15973,0,0.0,15973,15870,-6.556450706672571,2.5475525518141358,0.4611913563092058
away_defense_rating_pre,pi_ratings,15973,0,0.0,15973,15869,-6.854201659795617,2.5145236589023128,0.3796069609100299
defense_rating_diff,pi_ratings,15973,0,0.0,15973,15898,-7.276166023435041,6.67999780575925,0.08158439539917585
home_attack_vs_away_defense,pi_ratings,15973,0,0.0,15973,15899,-4.420475648632863,7.105303905122667,0.05382183290707641
away_attack_vs_home_defense,pi_ratings,15973,0,0.0,15973,15899,-4.168226518225378,7.406407931789326,-0.1145505077366418
home_internal_elo,internal_historical_elo,15973,0,0.0,15973,15871,972.8965427246902,2070.730427955408,1573.2500199286737
away_internal_elo,internal_historical_elo,15973,0,0.0,15973,15869,976.3854340241281,2077.118835078311,1554.0870195280374
internal_elo_diff,internal_historical_elo,15973,0,0.0,15973,15899,-957.6488060284954,935.0441573872276,19.16300040063607
home_internal_elo_rank,internal_historical_elo,15973,0,0.0,15973,336,1.0,336.0,122.8036060852689
away_internal_elo_rank,internal_historical_elo,15973,0,0.0,15973,336,1.0,336.0,130.88680899017092
internal_elo_rank_diff,internal_historical_elo,15973,0,0.0,15973,616,-320.0,321.0,-8.083202904902022
home_fifa_points,fifa_rankings,15973,13135,0.8223251737306705,2838,184,759.0,1877.27,1227.4561451726568
away_fifa_points,fifa_rankings,15973,13455,0.8423589807800663,2518,184,759.0,1877.27,1211.223216838761
fifa_points_diff,fifa_rankings,15973,14722,0.921680335566268,1251,740,-745.0,758.0,13.939816147082334
home_fifa_rank_change,fifa_rankings,15973,11310,0.7080698679020848,4663,80,-67.0,72.0,2.430838515976839
away_fifa_rank_change,fifa_rankings,15973,11678,0.73110874600889,4295,80,-67.0,72.0,3.510128055878929
home_fifa_points_change,fifa_rankings,15973,14986,0.9382082263820196,987,72,-401.0,610.0,30.00644376899696
away_fifa_points_change,fifa_rankings,15973,15168,0.9496024541413636,805,72,-401.0,610.0,30.588720496894414
home_fifa_ranking_date,fifa_rankings,15973,6796,0.4254679772115445,9177,8,-9.223372036854776e+18,1781136000000000.0,-3.923362047943571e+18
away_fifa_ranking_date,fifa_rankings,15973,7020,0.4394916421461216,8953,8,-9.223372036854776e+18,1781136000000000.0,-4.0527281264019364e+18
home_external_elo,external_elo,15973,15940,0.997934013648031,33,28,1453.0,2128.0,1788.939393939394
away_external_elo,external_elo,15973,15940,0.997934013648031,33,29,1437.0,2134.0,1795.8484848484848
external_elo_diff,external_elo,15973,15940,0.997934013648031,33,32,-475.0,498.0,-6.909090909090909
home_external_elo_change,external_elo,15973,15973,1.0,0,0,,,
away_external_elo_change,external_elo,15973,15973,1.0,0,0,,,
home_external_elo_date,external_elo,15973,15940,0.997934013648031,33,1,-9.223372036854776e+18,1782086400000000.0,-9.204312994341321e+18
away_external_elo_date,external_elo,15973,15940,0.997934013648031,33,1,-9.223372036854776e+18,1782086400000000.0,-9.204312994341321e+18
home_xg_for_avg_last_5,xg,15973,15973,1.0,0,0,,,
away_xg_for_avg_last_5,xg,15973,15973,1.0,0,0,,,
home_xg_against_avg_last_5,xg,15973,15973,1.0,0,0,,,
away_xg_against_avg_last_5,xg,15973,15973,1.0,0,0,,,
home_xg_diff_last_5,xg,15973,15973,1.0,0,0,,,
away_xg_diff_last_5,xg,15973,15973,1.0,0,0,,,
home_xg_for_avg_last_10,xg,15973,15973,1.0,0,0,,,
away_xg_for_avg_last_10,xg,15973,15973,1.0,0,0,,,
home_xg_against_avg_last_10,xg,15973,15973,1.0,0,0,,,
away_xg_against_avg_last_10,xg,15973,15973,1.0,0,0,,,
home_xg_diff_last_10,xg,15973,15973,1.0,0,0,,,
away_xg_diff_last_10,xg,15973,15973,1.0,0,0,,,
home_shots_for_avg_last_5,xg,15973,15973,1.0,0,0,,,
away_shots_for_avg_last_5,xg,15973,15973,1.0,0,0,,,
home_shots_against_avg_last_5,xg,15973,15973,1.0,0,0,,,
away_shots_against_avg_last_5,xg,15973,15973,1.0,0,0,,,
home_squad_market_value,squad,15973,10867,0.6803355662680773,5106,47,19.93,1520.0,383.35491970231107
home_starting_xi_market_value,squad,15973,15973,1.0,0,0,,,
home_top_5_player_rating_avg,squad,15973,15973,1.0,0,0,,,
home_top_11_player_rating_avg,squad,15973,15973,1.0,0,0,,,
home_goalkeeper_strength,squad,15973,15973,1.0,0,0,,,
home_defense_strength,squad,15973,15973,1.0,0,0,,,
home_midfield_strength,squad,15973,15973,1.0,0,0,,,
home_attack_strength,squad,15973,15973,1.0,0,0,,,
home_bench_strength,squad,15973,15973,1.0,0,0,,,
home_avg_age,squad,15973,15973,1.0,0,0,,,
home_total_caps,squad,15973,15973,1.0,0,0,,,
home_international_goals,squad,15973,15973,1.0,0,0,,,
home_club_minutes_last_season,squad,15973,15973,1.0,0,0,,,
home_club_minutes_recent_90_days,squad,15973,15973,1.0,0,0,,,
away_squad_market_value,squad,15973,11532,0.7219683215426032,4441,47,19.93,1520.0,352.7145665390678
away_starting_xi_market_value,squad,15973,15973,1.0,0,0,,,
away_top_5_player_rating_avg,squad,15973,15973,1.0,0,0,,,
away_top_11_player_rating_avg,squad,15973,15973,1.0,0,0,,,
away_goalkeeper_strength,squad,15973,15973,1.0,0,0,,,
away_defense_strength,squad,15973,15973,1.0,0,0,,,
away_midfield_strength,squad,15973,15973,1.0,0,0,,,
away_attack_strength,squad,15973,15973,1.0,0,0,,,
away_bench_strength,squad,15973,15973,1.0,0,0,,,
away_avg_age,squad,15973,15973,1.0,0,0,,,
away_total_caps,squad,15973,15973,1.0,0,0,,,
away_international_goals,squad,15973,15973,1.0,0,0,,,
away_club_minutes_last_season,squad,15973,15973,1.0,0,0,,,
away_club_minutes_recent_90_days,squad,15973,15973,1.0,0,0,,,
squad_market_value_diff,squad,15973,13915,0.8711575784135729,2058,946,-1470.75,1498.8,67.78865889212828
starting_xi_market_value_diff,squad,15973,15973,1.0,0,0,,,
top_11_player_rating_diff,squad,15973,15973,1.0,0,0,,,
goalkeeper_strength_diff,squad,15973,15973,1.0,0,0,,,
defense_strength_diff,squad,15973,15973,1.0,0,0,,,
midfield_strength_diff,squad,15973,15973,1.0,0,0,,,
attack_strength_diff,squad,15973,15973,1.0,0,0,,,
bench_strength_diff,squad,15973,15973,1.0,0,0,,,
avg_age_diff,squad,15973,15973,1.0,0,0,,,
total_caps_diff,squad,15973,15973,1.0,0,0,,,
club_minutes_recent_90_days_diff,squad,15973,15973,1.0,0,0,,,
home_missing_starters_count,injuries,15973,15901,0.995492393413886,72,4,0.0,3.0,0.4861111111111111
home_missing_key_players_count,injuries,15973,15901,0.995492393413886,72,3,0.0,2.0,0.20833333333333334
home_injury_impact_score,injuries,15973,15901,0.995492393413886,72,5,0.0,1.0,0.28125
home_suspension_impact_score,injuries,15973,15901,0.995492393413886,72,1,0.0,0.0,0.0
home_goalkeeper_missing,injuries,15973,15901,0.995492393413886,72,2,0.0,1.0,0.041666666666666664
home_captain_missing,injuries,15973,15901,0.995492393413886,72,2,0.0,1.0,0.027777777777777776
home_minutes_lost_from_expected_xi,injuries,15973,15973,1.0,0,0,,,
away_missing_starters_count,injuries,15973,15901,0.995492393413886,72,4,0.0,3.0,0.4305555555555556
away_missing_key_players_count,injuries,15973,15901,0.995492393413886,72,3,0.0,2.0,0.2222222222222222
away_injury_impact_score,injuries,15973,15901,0.995492393413886,72,5,0.0,1.0,0.2673611111111111
away_suspension_impact_score,injuries,15973,15901,0.995492393413886,72,1,0.0,0.0,0.0
away_goalkeeper_missing,injuries,15973,15901,0.995492393413886,72,2,0.0,1.0,0.05555555555555555
away_captain_missing,injuries,15973,15901,0.995492393413886,72,2,0.0,1.0,0.013888888888888888
away_minutes_lost_from_expected_xi,injuries,15973,15973,1.0,0,0,,,
missing_starters_count_diff,injuries,15973,15901,0.995492393413886,72,6,-2.0,3.0,0.05555555555555555
missing_key_players_count_diff,injuries,15973,15901,0.995492393413886,72,5,-2.0,2.0,-0.013888888888888888
injury_impact_score_diff,injuries,15973,15901,0.995492393413886,72,9,-1.0,1.0,0.013888888888888888
suspension_impact_score_diff,injuries,15973,15901,0.995492393413886,72,1,0.0,0.0,0.0
minutes_lost_from_expected_xi_diff,injuries,15973,15973,1.0,0,0,,,
home_odds,market,15973,15730,0.984786827771865,243,159,1.03,24.4,3.417242798353909
draw_odds,market,15973,15730,0.984786827771865,243,143,2.78,18.1,4.19246913580247
away_odds,market,15973,15730,0.984786827771865,243,181,1.09,49.67,5.110823045267491
market_home_prob,market,15973,15730,0.984786827771865,243,212,0.0389298830823141,0.9279511443750561,0.4270118973145847
market_draw_prob,market,15973,15730,0.984786827771865,243,212,0.05280605959703358,0.3491555872666,0.2480806662235948
market_away_prob,market,15973,15730,0.984786827771865,243,212,0.019242796027910365,0.8714579332187742,0.3249074364618204
