match_id,source,date,home_team,away_team,neutral,tournament,competition_type,stage,group,country,city,venue,home_score,away_score,result,home_win,draw,away_win,goal_diff,total_goals,status,last_updated
worldcup_2026_46a8f4cc930d9c8a,worldcup_json,2026-06-11,Mexico,South Africa,True,World Cup 2026,world_cup,Matchday 1,Group A,,,,,,,,,,,,SCHEDULED,
worldcup_2026_894d86ece5e894eb,worldcup_json,2026-06-11,South Korea,Czechia,True,World Cup 2026,world_cup,Matchday 1,Group A,,,,,,,,,,,,SCHEDULED,
worldcup_2026_d37de223f8101645,worldcup_json,2026-06-12,Canada,Bosnia and Herzegovina,True,World Cup 2026,world_cup,Matchday 2,Group B,,,,,,,,,,,,SCHEDULED,
worldcup_2026_58d003388db93eaf,worldcup_json,2026-06-12,United States,Paraguay,True,World Cup 2026,world_cup,Matchday 2,Group D,,,,,,,,,,,,SCHEDULED,
worldcup_2026_df7d2bb610a40d52,worldcup_json,2026-06-13,Qatar,Switzerland,True,World Cup 2026,world_cup,Matchday 3,Group B,,,,,,,,,,,,SCHEDULED,
worldcup_2026_7a0f196d373d02fd,worldcup_json,2026-06-13,Brazil,Morocco,True,World Cup 2026,world_cup,Matchday 3,Group C,,,,,,,,,,,,SCHEDULED,
worldcup_2026_424cb609da482b78,worldcup_json,2026-06-13,Haiti,Scotland,True,World Cup 2026,world_cup,Matchday 3,Group C,,,,,,,,,,,,SCHEDULED,
worldcup_2026_42d4f482d24b4f68,worldcup_json,2026-06-13,Australia,Turkey,True,World Cup 2026,world_cup,Matchday 3,Group D,,,,,,,,,,,,SCHEDULED,
worldcup_2026_7d75aa6fa8ae0065,worldcup_json,2026-06-14,Germany,Curaçao,True,World Cup 2026,world_cup,Matchday 4,Group E,,,,,,,,,,,,SCHEDULED,
worldcup_2026_049ab5ed07a0bbce,worldcup_json,2026-06-14,Ivory Coast,Ecuador,True,World Cup 2026,world_cup,Matchday 4,Group E,,,,,,,,,,,,SCHEDULED,
worldcup_2026_52bbf124b6466f69,worldcup_json,2026-06-14,Netherlands,Japan,True,World Cup 2026,world_cup,Matchday 4,Group F,,,,,,,,,,,,SCHEDULED,
worldcup_2026_db25b1dc7555ad51,worldcup_json,2026-06-14,Sweden,Tunisia,True,World Cup 2026,world_cup,Matchday 4,Group F,,,,,,,,,,,,SCHEDULED,
worldcup_2026_27f687215cdbf572,worldcup_json,2026-06-15,Belgium,Egypt,True,World Cup 2026,world_cup,Matchday 5,Group G,,,,,,,,,,,,SCHEDULED,
worldcup_2026_dbc988fbe87329c5,worldcup_json,2026-06-15,Iran,New Zealand,True,World Cup 2026,world_cup,Matchday 5,Group G,,,,,,,,,,,,SCHEDULED,
worldcup_2026_38c3dba072e53b2a,worldcup_json,2026-06-15,Spain,Cape Verde,True,World Cup 2026,world_cup,Matchday 5,Group H,,,,0.0,0.0,draw,False,True,False,0.0,0.0,FINISHED,
worldcup_2026_83cca2c1147aed34,worldcup_json,2026-06-15,Saudi Arabia,Uruguay,True,World Cup 2026,world_cup,Matchday 5,Group H,,,,,,,,,,,,SCHEDULED,
worldcup_2026_eda7cee5ea6c3f73,worldcup_json,2026-06-16,France,Senegal,True,World Cup 2026,world_cup,Matchday 6,Group I,,,,,,,,,,,,SCHEDULED,
worldcup_2026_b830bf61d0cbe48e,worldcup_json,2026-06-16,Iraq,Norway,True,World Cup 2026,world_cup,Matchday 6,Group I,,,,,,,,,,,,SCHEDULED,
worldcup_2026_da4b2a404eca23a1,worldcup_json,2026-06-16,Argentina,Algeria,True,World Cup 2026,world_cup,Matchday 6,Group J,,,,,,,,,,,,SCHEDULED,
worldcup_2026_347b9b3c78a59fbd,worldcup_json,2026-06-16,Austria,Jordan,True,World Cup 2026,world_cup,Matchday 6,Group J,,,,,,,,,,,,SCHEDULED,
worldcup_2026_a284f948e9da893a,worldcup_json,2026-06-17,Portugal,DR Congo,True,World Cup 2026,world_cup,Matchday 7,Group K,,,,,,,,,,,,SCHEDULED,
worldcup_2026_e71d0b2c36b06ff9,worldcup_json,2026-06-17,Uzbekistan,Colombia,True,World Cup 2026,world_cup,Matchday 7,Group K,,,,,,,,,,,,SCHEDULED,
worldcup_2026_e47b8b5fca3f8429,worldcup_json,2026-06-17,England,Croatia,True,World Cup 2026,world_cup,Matchday 7,Group L,,,,,,,,,,,,SCHEDULED,
worldcup_2026_c3d185a2b7b2c5b3,worldcup_json,2026-06-17,Ghana,Panama,True,World Cup 2026,world_cup,Matchday 7,Group L,,,,,,,,,,,,SCHEDULED,
worldcup_2026_45f9a6b643b56b62,worldcup_json,2026-06-18,Czechia,South Africa,True,World Cup 2026,world_cup,Matchday 8,Group A,,,,,,,,,,,,SCHEDULED,
worldcup_2026_18039d224dfc896c,worldcup_json,2026-06-18,Mexico,South Korea,True,World Cup 2026,world_cup,Matchday 8,Group A,,,,,,,,,,,,SCHEDULED,
worldcup_2026_bbb5b0c388d09070,worldcup_json,2026-06-18,Switzerland,Bosnia and Herzegovina,True,World Cup 2026,world_cup,Matchday 8,Group B,,,,,,,,,,,,SCHEDULED,
worldcup_2026_82c9eb470b79bab5,worldcup_json,2026-06-18,Canada,Qatar,True,World Cup 2026,world_cup,Matchday 8,Group B,,,,,,,,,,,,SCHEDULED,
worldcup_2026_a63ef9f9d9153955,worldcup_json,2026-06-19,Scotland,Morocco,True,World Cup 2026,world_cup,Matchday 9,Group C,,,,,,,,,,,,SCHEDULED,
worldcup_2026_a52237e4369a1991,worldcup_json,2026-06-19,Brazil,Haiti,True,World Cup 2026,world_cup,Matchday 9,Group C,,,,,,,,,,,,SCHEDULED,
worldcup_2026_c27d0b8f575488e5,worldcup_json,2026-06-19,United States,Australia,True,World Cup 2026,world_cup,Matchday 9,Group D,,,,,,,,,,,,SCHEDULED,
worldcup_2026_699cb10bc7fd6982,worldcup_json,2026-06-19,Turkey,Paraguay,True,World Cup 2026,world_cup,Matchday 9,Group D,,,,,,,,,,,,SCHEDULED,
worldcup_2026_c959c3f16de53415,worldcup_json,2026-06-20,Germany,Ivory Coast,True,World Cup 2026,world_cup,Matchday 10,Group E,,,,,,,,,,,,SCHEDULED,
worldcup_2026_f915ddaab8804218,worldcup_json,2026-06-20,Ecuador,Curaçao,True,World Cup 2026,world_cup,Matchday 10,Group E,,,,0.0,0.0,draw,False,True,False,0.0,0.0,FINISHED,
worldcup_2026_40a592d26f1b8725,worldcup_json,2026-06-20,Netherlands,Sweden,True,World Cup 2026,world_cup,Matchday 10,Group F,,,,,,,,,,,,SCHEDULED,
worldcup_2026_6d94a19e0bbb6aae,worldcup_json,2026-06-20,Tunisia,Japan,True,World Cup 2026,world_cup,Matchday 10,Group F,,,,,,,,,,,,SCHEDULED,
worldcup_2026_572de10d5f667f8c,worldcup_json,2026-06-21,Belgium,Iran,True,World Cup 2026,world_cup,Matchday 11,Group G,,,,0.0,0.0,draw,False,True,False,0.0,0.0,FINISHED,
worldcup_2026_4de8578ff9306d66,worldcup_json,2026-06-21,New Zealand,Egypt,True,World Cup 2026,world_cup,Matchday 11,Group G,,,,,,,,,,,,SCHEDULED,
worldcup_2026_2e5a7758d5750c6b,worldcup_json,2026-06-21,Spain,Saudi Arabia,True,World Cup 2026,world_cup,Matchday 11,Group H,,,,,,,,,,,,SCHEDULED,
worldcup_2026_34e13fd5859cd71d,worldcup_json,2026-06-21,Uruguay,Cape Verde,True,World Cup 2026,world_cup,Matchday 11,Group H,,,,,,,,,,,,SCHEDULED,
worldcup_2026_8feb6713d61604f6,worldcup_json,2026-06-22,France,Iraq,True,World Cup 2026,world_cup,Matchday 12,Group I,,,,,,,,,,,,SCHEDULED,
worldcup_2026_74c5ce53db094213,worldcup_json,2026-06-22,Norway,Senegal,True,World Cup 2026,world_cup,Matchday 12,Group I,,,,,,,,,,,,SCHEDULED,
worldcup_2026_779085c2f4cfb5d2,worldcup_json,2026-06-22,Argentina,Austria,True,World Cup 2026,world_cup,Matchday 12,Group J,,,,,,,,,,,,SCHEDULED,
worldcup_2026_61004bb27c9198ea,worldcup_json,2026-06-22,Jordan,Algeria,True,World Cup 2026,world_cup,Matchday 12,Group J,,,,,,,,,,,,SCHEDULED,
worldcup_2026_a1841efe8b6638f5,worldcup_json,2026-06-23,Portugal,Uzbekistan,True,World Cup 2026,world_cup,Matchday 13,Group K,,,,,,,,,,,,SCHEDULED,
worldcup_2026_1367527cc7812e22,worldcup_json,2026-06-23,Colombia,DR Congo,True,World Cup 2026,world_cup,Matchday 13,Group K,,,,,,,,,,,,SCHEDULED,
worldcup_2026_fcf895209d41e78d,worldcup_json,2026-06-23,England,Ghana,True,World Cup 2026,world_cup,Matchday 13,Group L,,,,,,,,,,,,SCHEDULED,
worldcup_2026_bd9b1fb1642732e1,worldcup_json,2026-06-23,Panama,Croatia,True,World Cup 2026,world_cup,Matchday 13,Group L,,,,,,,,,,,,SCHEDULED,
worldcup_2026_becd9cfb3d883107,worldcup_json,2026-06-24,Czechia,Mexico,True,World Cup 2026,world_cup,Matchday 14,Group A,,,,,,,,,,,,SCHEDULED,
worldcup_2026_f8059483abe02329,worldcup_json,2026-06-24,South Africa,South Korea,True,World Cup 2026,world_cup,Matchday 14,Group A,,,,,,,,,,,,SCHEDULED,
worldcup_2026_953a8304429d6ca6,worldcup_json,2026-06-24,Switzerland,Canada,True,World Cup 2026,world_cup,Matchday 14,Group B,,,,,,,,,,,,SCHEDULED,
worldcup_2026_3fc5b62f6dcbe6aa,worldcup_json,2026-06-24,Bosnia and Herzegovina,Qatar,True,World Cup 2026,world_cup,Matchday 14,Group B,,,,,,,,,,,,SCHEDULED,
worldcup_2026_a45443f21a65220d,worldcup_json,2026-06-24,Scotland,Brazil,True,World Cup 2026,world_cup,Matchday 14,Group C,,,,,,,,,,,,SCHEDULED,
worldcup_2026_a0fd9126179a044f,worldcup_json,2026-06-24,Morocco,Haiti,True,World Cup 2026,world_cup,Matchday 14,Group C,,,,,,,,,,,,SCHEDULED,
worldcup_2026_a7057edddb165a2c,worldcup_json,2026-06-25,Turkey,United States,True,World Cup 2026,world_cup,Matchday 15,Group D,,,,,,,,,,,,SCHEDULED,
worldcup_2026_f9e2f1b9aefbc4fb,worldcup_json,2026-06-25,Paraguay,Australia,True,World Cup 2026,world_cup,Matchday 15,Group D,,,,,,,,,,,,SCHEDULED,
worldcup_2026_554aa48269cf8a96,worldcup_json,2026-06-25,Curaçao,Ivory Coast,True,World Cup 2026,world_cup,Matchday 15,Group E,,,,,,,,,,,,SCHEDULED,
worldcup_2026_6ec1d75cfc147850,worldcup_json,2026-06-25,Ecuador,Germany,True,World Cup 2026,world_cup,Matchday 15,Group E,,,,,,,,,,,,SCHEDULED,
worldcup_2026_7f55f1d4da4e4dd4,worldcup_json,2026-06-25,Japan,Sweden,True,World Cup 2026,world_cup,Matchday 15,Group F,,,,,,,,,,,,SCHEDULED,
worldcup_2026_dbe2a2978cbe2991,worldcup_json,2026-06-25,Tunisia,Netherlands,True,World Cup 2026,world_cup,Matchday 15,Group F,,,,,,,,,,,,SCHEDULED,
worldcup_2026_0df4483ac45863d3,worldcup_json,2026-06-26,Egypt,Iran,True,World Cup 2026,world_cup,Matchday 16,Group G,,,,,,,,,,,,SCHEDULED,
worldcup_2026_8232d5288849367f,worldcup_json,2026-06-26,New Zealand,Belgium,True,World Cup 2026,world_cup,Matchday 16,Group G,,,,,,,,,,,,SCHEDULED,
worldcup_2026_1bbd3038e76a3fe5,worldcup_json,2026-06-26,Cape Verde,Saudi Arabia,True,World Cup 2026,world_cup,Matchday 16,Group H,,,,,,,,,,,,SCHEDULED,
worldcup_2026_518d5ec9682489ec,worldcup_json,2026-06-26,Uruguay,Spain,True,World Cup 2026,world_cup,Matchday 16,Group H,,,,,,,,,,,,SCHEDULED,
worldcup_2026_a5679a517895a479,worldcup_json,2026-06-26,Norway,France,True,World Cup 2026,world_cup,Matchday 16,Group I,,,,,,,,,,,,SCHEDULED,
worldcup_2026_d146f7625a7093a2,worldcup_json,2026-06-26,Senegal,Iraq,True,World Cup 2026,world_cup,Matchday 16,Group I,,,,,,,,,,,,SCHEDULED,
worldcup_2026_4b13c4bf184689bf,worldcup_json,2026-06-27,Algeria,Austria,True,World Cup 2026,world_cup,Matchday 17,Group J,,,,,,,,,,,,SCHEDULED,
worldcup_2026_79a2cefc680f300b,worldcup_json,2026-06-27,Jordan,Argentina,True,World Cup 2026,world_cup,Matchday 17,Group J,,,,,,,,,,,,SCHEDULED,
worldcup_2026_9b702abe8f8b5b5b,worldcup_json,2026-06-27,Colombia,Portugal,True,World Cup 2026,world_cup,Matchday 17,Group K,,,,,,,,,,,,SCHEDULED,
worldcup_2026_f7b67dedd449377e,worldcup_json,2026-06-27,DR Congo,Uzbekistan,True,World Cup 2026,world_cup,Matchday 17,Group K,,,,,,,,,,,,SCHEDULED,
worldcup_2026_a6bb428be169c03d,worldcup_json,2026-06-27,Panama,England,True,World Cup 2026,world_cup,Matchday 17,Group L,,,,,,,,,,,,SCHEDULED,
worldcup_2026_5f5a94f72f45ee6c,worldcup_json,2026-06-27,Croatia,Ghana,True,World Cup 2026,world_cup,Matchday 17,Group L,,,,,,,,,,,,SCHEDULED,
worldcup_2026_8d90d0ccc78d4529,worldcup_json,2026-06-28,2A,2B,True,World Cup 2026,world_cup,Round of 32,,,,,,,,,,,,,SCHEDULED,
worldcup_2026_4496f0836aa364bd,worldcup_json,2026-06-29,1E,3A/B/C/D/F,True,World Cup 2026,world_cup,Round of 32,,,,,,,,,,,,,SCHEDULED,
worldcup_2026_ce8ee4404ef22891,worldcup_json,2026-06-29,1F,2C,True,World Cup 2026,world_cup,Round of 32,,,,,,,,,,,,,SCHEDULED,
worldcup_2026_4e54bf73769bae2b,worldcup_json,2026-06-29,1C,2F,True,World Cup 2026,world_cup,Round of 32,,,,,,,,,,,,,SCHEDULED,
worldcup_2026_96ba64b8cc867490,worldcup_json,2026-06-30,1I,3C/D/F/G/H,True,World Cup 2026,world_cup,Round of 32,,,,,,,,,,,,,SCHEDULED,
worldcup_2026_ef42fb4686d22bba,worldcup_json,2026-06-30,2E,2I,True,World Cup 2026,world_cup,Round of 32,,,,,,,,,,,,,SCHEDULED,
worldcup_2026_b32b38bb92b749a7,worldcup_json,2026-06-30,1A,3C/E/F/H/I,True,World Cup 2026,world_cup,Round of 32,,,,,,,,,,,,,SCHEDULED,
worldcup_2026_bb7b82052b81d8a5,worldcup_json,2026-07-01,1L,3E/H/I/J/K,True,World Cup 2026,world_cup,Round of 32,,,,,,,,,,,,,SCHEDULED,
worldcup_2026_0c550d552189a780,worldcup_json,2026-07-01,1D,3B/E/F/I/J,True,World Cup 2026,world_cup,Round of 32,,,,,,,,,,,,,SCHEDULED,
worldcup_2026_6db8c7eb06ff735f,worldcup_json,2026-07-01,1G,3A/E/H/I/J,True,World Cup 2026,world_cup,Round of 32,,,,,,,,,,,,,SCHEDULED,
worldcup_2026_0e461634514c9389,worldcup_json,2026-07-02,2K,2L,True,World Cup 2026,world_cup,Round of 32,,,,,,,,,,,,,SCHEDULED,
worldcup_2026_d66d1a84df0b96cd,worldcup_json,2026-07-02,1H,2J,True,World Cup 2026,world_cup,Round of 32,,,,,,,,,,,,,SCHEDULED,
worldcup_2026_7b2e4a6f2d2c1cba,worldcup_json,2026-07-02,1B,3E/F/G/I/J,True,World Cup 2026,world_cup,Round of 32,,,,,,,,,,,,,SCHEDULED,
worldcup_2026_45764eb0cc7bd2e1,worldcup_json,2026-07-03,1J,2H,True,World Cup 2026,world_cup,Round of 32,,,,,,,,,,,,,SCHEDULED,
worldcup_2026_204ce100a6aac142,worldcup_json,2026-07-03,1K,3D/E/I/J/L,True,World Cup 2026,world_cup,Round of 32,,,,,,,,,,,,,SCHEDULED,
worldcup_2026_f4221b50d4e90222,worldcup_json,2026-07-03,2D,2G,True,World Cup 2026,world_cup,Round of 32,,,,,,,,,,,,,SCHEDULED,
worldcup_2026_b5835da22fb1f079,worldcup_json,2026-07-04,W74,W77,True,World Cup 2026,world_cup,Round of 16,,,,,,,,,,,,,SCHEDULED,
worldcup_2026_42e1db37688ac337,worldcup_json,2026-07-04,W73,W75,True,World Cup 2026,world_cup,Round of 16,,,,,,,,,,,,,SCHEDULED,
worldcup_2026_2b978b4ac13333f9,worldcup_json,2026-07-05,W76,W78,True,World Cup 2026,world_cup,Round of 16,,,,,,,,,,,,,SCHEDULED,
worldcup_2026_0c803ad9f61dc70a,worldcup_json,2026-07-05,W79,W80,True,World Cup 2026,world_cup,Round of 16,,,,,,,,,,,,,SCHEDULED,
worldcup_2026_4fa700438649d55d,worldcup_json,2026-07-06,W83,W84,True,World Cup 2026,world_cup,Round of 16,,,,,,,,,,,,,SCHEDULED,
worldcup_2026_461b3feba9e62839,worldcup_json,2026-07-06,W81,W82,True,World Cup 2026,world_cup,Round of 16,,,,,,,,,,,,,SCHEDULED,
worldcup_2026_6453a989662215e1,worldcup_json,2026-07-07,W86,W88,True,World Cup 2026,world_cup,Round of 16,,,,,,,,,,,,,SCHEDULED,
worldcup_2026_4c8adc4e7ea71182,worldcup_json,2026-07-07,W85,W87,True,World Cup 2026,world_cup,Round of 16,,,,,,,,,,,,,SCHEDULED,
worldcup_2026_7dcb887cc578ac84,worldcup_json,2026-07-09,W89,W90,True,World Cup 2026,world_cup,Quarter-final,,,,,,,,,,,,,SCHEDULED,
worldcup_2026_c1914fbe50df8efd,worldcup_json,2026-07-10,W93,W94,True,World Cup 2026,world_cup,Quarter-final,,,,,,,,,,,,,SCHEDULED,
worldcup_2026_4dfda332223ebb81,worldcup_json,2026-07-11,W91,W92,True,World Cup 2026,world_cup,Quarter-final,,,,,,,,,,,,,SCHEDULED,
worldcup_2026_7087f1d34b867b5c,worldcup_json,2026-07-11,W95,W96,True,World Cup 2026,world_cup,Quarter-final,,,,,,,,,,,,,SCHEDULED,
worldcup_2026_5fbce707b1fe1f55,worldcup_json,2026-07-14,W97,W98,True,World Cup 2026,world_cup,Semi-final,,,,,,,,,,,,,SCHEDULED,
worldcup_2026_8bfa183425216585,worldcup_json,2026-07-15,W99,W100,True,World Cup 2026,world_cup,Semi-final,,,,,,,,,,,,,SCHEDULED,
worldcup_2026_4c6fbb877b434aef,worldcup_json,2026-07-18,L101,L102,True,World Cup 2026,world_cup,Match for third place,,,,,,,,,,,,,SCHEDULED,
worldcup_2026_72046f03a3f703b4,worldcup_json,2026-07-19,W101,W102,True,World Cup 2026,world_cup,Final,,,,,,,,,,,,,SCHEDULED,
