model_name,test_year,bucket,mean_confidence,empirical_accuracy,count,calibration_gap
bookmaker_calibrated,2018,"(0.0,0.1]",,,0,
bookmaker_calibrated,2018,"(0.1,0.2]",,,0,
bookmaker_calibrated,2018,"(0.2,0.3]",,,0,
bookmaker_calibrated,2018,"(0.3,0.4]",0.37376913516976956,0.3333333333333333,9,-0.04043580183643625
bookmaker_calibrated,2018,"(0.4,0.5]",0.4531997588195374,0.4117647058823529,17,-0.04143505293718447
bookmaker_calibrated,2018,"(0.5,0.6]",0.5482304330601665,0.6666666666666666,12,0.11843623360650013
bookmaker_calibrated,2018,"(0.6,0.7]",0.6646509189507822,0.6923076923076923,13,0.02765677335691008
bookmaker_calibrated,2018,"(0.7,0.8]",0.7413288354773323,0.5,4,-0.2413288354773323
bookmaker_calibrated,2018,"(0.8,0.9]",0.8301950169103859,0.8571428571428571,7,0.02694784023247121
bookmaker_calibrated,2018,"(0.9,1.0]",,,0,
bookmaker_calibrated,2022,"(0.0,0.1]",,,0,
bookmaker_calibrated,2022,"(0.1,0.2]",,,0,
bookmaker_calibrated,2022,"(0.2,0.3]",,,0,
bookmaker_calibrated,2022,"(0.3,0.4]",0.37714729420181387,0.125,8,-0.25214729420181387
bookmaker_calibrated,2022,"(0.4,0.5]",0.4465754092899294,0.4,10,-0.04657540928992937
bookmaker_calibrated,2022,"(0.5,0.6]",0.5456209577412376,0.6875,16,0.14187904225876236
bookmaker_calibrated,2022,"(0.6,0.7]",0.6470714273468463,0.5333333333333333,15,-0.11373809401351298
bookmaker_calibrated,2022,"(0.7,0.8]",0.7275190226775319,0.5555555555555556,9,-0.1719634671219763
bookmaker_calibrated,2022,"(0.8,0.9]",0.8550023365197141,0.8,5,-0.05500233651971409
bookmaker_calibrated,2022,"(0.9,1.0]",,,0,
bookmaker_odds_only,2014,"(0.0,0.1]",,,0,
bookmaker_odds_only,2014,"(0.1,0.2]",,,0,
bookmaker_odds_only,2014,"(0.2,0.3]",,,0,
bookmaker_odds_only,2014,"(0.3,0.4]",0.37331981564810035,0.3333333333333333,12,-0.039986482314767036
bookmaker_odds_only,2014,"(0.4,0.5]",0.454882971518455,0.6875,16,0.23261702848154497
bookmaker_odds_only,2014,"(0.5,0.6]",0.5402509371195718,0.5,14,-0.04025093711957184
bookmaker_odds_only,2014,"(0.6,0.7]",0.6441495289832894,0.5833333333333334,12,-0.060816195649955995
bookmaker_odds_only,2014,"(0.7,0.8]",0.7353713260271433,0.75,8,0.01462867397285672
bookmaker_odds_only,2014,"(0.8,0.9]",0.8394975270276186,1.0,1,0.1605024729723814
bookmaker_odds_only,2014,"(0.9,1.0]",,,0,
bookmaker_odds_only,2018,"(0.0,0.1]",,,0,
bookmaker_odds_only,2018,"(0.1,0.2]",,,0,
bookmaker_odds_only,2018,"(0.2,0.3]",,,0,
bookmaker_odds_only,2018,"(0.3,0.4]",0.37487093066508304,0.36363636363636365,11,-0.011234567028719389
bookmaker_odds_only,2018,"(0.4,0.5]",0.45329813117972945,0.4117647058823529,17,-0.041533425297376525
bookmaker_odds_only,2018,"(0.5,0.6]",0.5448258216117182,0.75,12,0.20517417838828178
bookmaker_odds_only,2018,"(0.6,0.7]",0.6487746969114886,0.6666666666666666,12,0.01789196975517804
bookmaker_odds_only,2018,"(0.7,0.8]",0.7543544502600286,0.6666666666666666,6,-0.08768778359336193
bookmaker_odds_only,2018,"(0.8,0.9]",0.8103967524967475,0.75,4,-0.060396752496747474
bookmaker_odds_only,2018,"(0.9,1.0]",,,0,
bookmaker_odds_only,2022,"(0.0,0.1]",,,0,
bookmaker_odds_only,2022,"(0.1,0.2]",,,0,
bookmaker_odds_only,2022,"(0.2,0.3]",,,0,
bookmaker_odds_only,2022,"(0.3,0.4]",0.3758361114197435,0.1111111111111111,9,-0.2647250003086324
bookmaker_odds_only,2022,"(0.4,0.5]",0.4569835321864453,0.6153846153846154,13,0.15840108319817015
bookmaker_odds_only,2022,"(0.5,0.6]",0.5531729485215282,0.5294117647058824,17,-0.023761183815645848
bookmaker_odds_only,2022,"(0.6,0.7]",0.6517458412532233,0.5625,16,-0.08924584125322332
bookmaker_odds_only,2022,"(0.7,0.8]",0.7528191853049142,0.8,5,0.04718081469508584
bookmaker_odds_only,2022,"(0.8,0.9]",0.8536483168656788,0.6666666666666666,3,-0.18698165019901214
bookmaker_odds_only,2022,"(0.9,1.0]",,,0,
bookmaker_raw_implied,2014,"(0.0,0.1]",,,0,
bookmaker_raw_implied,2014,"(0.1,0.2]",,,0,
bookmaker_raw_implied,2014,"(0.2,0.3]",,,0,
bookmaker_raw_implied,2014,"(0.3,0.4]",0.37331981564810035,0.3333333333333333,12,-0.039986482314767036
bookmaker_raw_implied,2014,"(0.4,0.5]",0.454882971518455,0.6875,16,0.23261702848154497
bookmaker_raw_implied,2014,"(0.5,0.6]",0.5402509371195718,0.5,14,-0.04025093711957184
bookmaker_raw_implied,2014,"(0.6,0.7]",0.6441495289832894,0.5833333333333334,12,-0.060816195649955995
bookmaker_raw_implied,2014,"(0.7,0.8]",0.7353713260271433,0.75,8,0.01462867397285672
bookmaker_raw_implied,2014,"(0.8,0.9]",0.8394975270276186,1.0,1,0.1605024729723814
bookmaker_raw_implied,2014,"(0.9,1.0]",,,0,
bookmaker_raw_implied,2018,"(0.0,0.1]",,,0,
bookmaker_raw_implied,2018,"(0.1,0.2]",,,0,
bookmaker_raw_implied,2018,"(0.2,0.3]",,,0,
bookmaker_raw_implied,2018,"(0.3,0.4]",0.37487093066508304,0.36363636363636365,11,-0.011234567028719389
bookmaker_raw_implied,2018,"(0.4,0.5]",0.45329813117972945,0.4117647058823529,17,-0.041533425297376525
bookmaker_raw_implied,2018,"(0.5,0.6]",0.5448258216117182,0.75,12,0.20517417838828178
bookmaker_raw_implied,2018,"(0.6,0.7]",0.6487746969114886,0.6666666666666666,12,0.01789196975517804
bookmaker_raw_implied,2018,"(0.7,0.8]",0.7543544502600286,0.6666666666666666,6,-0.08768778359336193
bookmaker_raw_implied,2018,"(0.8,0.9]",0.8103967524967475,0.75,4,-0.060396752496747474
bookmaker_raw_implied,2018,"(0.9,1.0]",,,0,
bookmaker_raw_implied,2022,"(0.0,0.1]",,,0,
bookmaker_raw_implied,2022,"(0.1,0.2]",,,0,
bookmaker_raw_implied,2022,"(0.2,0.3]",,,0,
bookmaker_raw_implied,2022,"(0.3,0.4]",0.3758361114197435,0.1111111111111111,9,-0.2647250003086324
bookmaker_raw_implied,2022,"(0.4,0.5]",0.4569835321864453,0.6153846153846154,13,0.15840108319817015
bookmaker_raw_implied,2022,"(0.5,0.6]",0.5531729485215282,0.5294117647058824,17,-0.023761183815645848
bookmaker_raw_implied,2022,"(0.6,0.7]",0.6517458412532233,0.5625,16,-0.08924584125322332
bookmaker_raw_implied,2022,"(0.7,0.8]",0.7528191853049142,0.8,5,0.04718081469508584
bookmaker_raw_implied,2022,"(0.8,0.9]",0.8536483168656788,0.6666666666666666,3,-0.18698165019901214
bookmaker_raw_implied,2022,"(0.9,1.0]",,,0,
elo_only,2014,"(0.0,0.1]",,,0,
elo_only,2014,"(0.1,0.2]",,,0,
elo_only,2014,"(0.2,0.3]",,,0,
elo_only,2014,"(0.3,0.4]",0.37747835475194097,0.5333333333333333,15,0.15585497858139236
elo_only,2014,"(0.4,0.5]",0.44677584206092985,0.5833333333333334,24,0.13655749127240352
elo_only,2014,"(0.5,0.6]",0.554368760482128,0.8333333333333334,6,0.27896457285120535
elo_only,2014,"(0.6,0.7]",0.6467377610857525,0.5714285714285714,14,-0.07530918965718114
elo_only,2014,"(0.7,0.8]",0.7415546709639407,0.5,4,-0.24155467096394068
elo_only,2014,"(0.8,0.9]",0.8028939806861465,1.0,1,0.19710601931385352
elo_only,2014,"(0.9,1.0]",,,0,
elo_only,2018,"(0.0,0.1]",,,0,
elo_only,2018,"(0.1,0.2]",,,0,
elo_only,2018,"(0.2,0.3]",,,0,
elo_only,2018,"(0.3,0.4]",0.38207305975711625,0.7,10,0.3179269402428837
elo_only,2018,"(0.4,0.5]",0.44222971396423155,0.44,25,-0.00222971396423155
elo_only,2018,"(0.5,0.6]",0.5415425624149726,0.45454545454545453,11,-0.08699710786951803
elo_only,2018,"(0.6,0.7]",0.645810965905617,0.6,15,-0.04581096590561706
elo_only,2018,"(0.7,0.8]",0.7504424379176097,0.6666666666666666,3,-0.08377577125094304
elo_only,2018,"(0.8,0.9]",,,0,
elo_only,2018,"(0.9,1.0]",,,0,
elo_only,2022,"(0.0,0.1]",,,0,
elo_only,2022,"(0.1,0.2]",,,0,
elo_only,2022,"(0.2,0.3]",,,0,
elo_only,2022,"(0.3,0.4]",0.38475239649911686,0.36363636363636365,11,-0.02111603286275321
elo_only,2022,"(0.4,0.5]",0.45208333190902517,0.3157894736842105,19,-0.13629385822481466
elo_only,2022,"(0.5,0.6]",0.5535807810399936,0.6875,16,0.13391921896000636
elo_only,2022,"(0.6,0.7]",0.6548530438024662,0.6666666666666666,9,0.011813622864200402
elo_only,2022,"(0.7,0.8]",0.7510582101007396,0.6666666666666666,9,-0.08439154343407296
elo_only,2022,"(0.8,0.9]",,,0,
elo_only,2022,"(0.9,1.0]",,,0,
fifa_ranking_only,2014,"(0.0,0.1]",,,0,
fifa_ranking_only,2014,"(0.1,0.2]",,,0,
fifa_ranking_only,2014,"(0.2,0.3]",,,0,
fifa_ranking_only,2014,"(0.3,0.4]",0.39313575636536824,0.25,4,-0.14313575636536824
fifa_ranking_only,2014,"(0.4,0.5]",0.45138910011808414,0.2,20,-0.25138910011808413
fifa_ranking_only,2014,"(0.5,0.6]",0.5407716560629078,0.65,20,0.10922834393709224
fifa_ranking_only,2014,"(0.6,0.7]",0.658920861429352,0.5833333333333334,12,-0.07558752809601865
fifa_ranking_only,2014,"(0.7,0.8]",0.7435235049962527,0.42857142857142855,7,-0.3149520764248242
fifa_ranking_only,2014,"(0.8,0.9]",0.8002078334182005,0.0,1,-0.8002078334182005
fifa_ranking_only,2014,"(0.9,1.0]",,,0,
fifa_ranking_only,2018,"(0.0,0.1]",,,0,
fifa_ranking_only,2018,"(0.1,0.2]",,,0,
fifa_ranking_only,2018,"(0.2,0.3]",,,0,
fifa_ranking_only,2018,"(0.3,0.4]",0.3800568927918648,0.5,4,0.11994310720813522
fifa_ranking_only,2018,"(0.4,0.5]",0.44580011612474196,0.6086956521739131,23,0.16289553604917112
fifa_ranking_only,2018,"(0.5,0.6]",0.5335602162441625,0.5625,16,0.0289397837558375
fifa_ranking_only,2018,"(0.6,0.7]",0.6583412971459135,0.5,6,-0.1583412971459135
fifa_ranking_only,2018,"(0.7,0.8]",0.7777438464182104,0.6,5,-0.1777438464182104
fifa_ranking_only,2018,"(0.8,0.9]",0.8414751813308357,0.4444444444444444,9,-0.39703073688639123
fifa_ranking_only,2018,"(0.9,1.0]",0.9042804607073516,1.0,1,0.09571953929264843
fifa_ranking_only,2022,"(0.0,0.1]",,,0,
fifa_ranking_only,2022,"(0.1,0.2]",,,0,
fifa_ranking_only,2022,"(0.2,0.3]",,,0,
fifa_ranking_only,2022,"(0.3,0.4]",0.3807221730380995,0.5,4,0.11927782696190048
fifa_ranking_only,2022,"(0.4,0.5]",0.4602000016131509,0.43478260869565216,23,-0.025417392917498727
fifa_ranking_only,2022,"(0.5,0.6]",0.5458879995129182,0.3333333333333333,12,-0.2125546661795849
fifa_ranking_only,2022,"(0.6,0.7]",0.6551570868831651,0.3333333333333333,6,-0.3218237535498318
fifa_ranking_only,2022,"(0.7,0.8]",0.7567962076745635,1.0,6,0.24320379232543654
fifa_ranking_only,2022,"(0.8,0.9]",0.8536008233442534,0.6666666666666666,9,-0.18693415667758673
fifa_ranking_only,2022,"(0.9,1.0]",0.9203687130680482,0.75,4,-0.17036871306804824
historical_class_frequency,2014,"(0.0,0.1]",,,0,
historical_class_frequency,2014,"(0.1,0.2]",,,0,
historical_class_frequency,2014,"(0.2,0.3]",,,0,
historical_class_frequency,2014,"(0.3,0.4]",,,0,
historical_class_frequency,2014,"(0.4,0.5]",0.4937534666279285,0.453125,64,-0.04062846662792852
historical_class_frequency,2014,"(0.5,0.6]",,,0,
historical_class_frequency,2014,"(0.6,0.7]",,,0,
historical_class_frequency,2014,"(0.7,0.8]",,,0,
historical_class_frequency,2014,"(0.8,0.9]",,,0,
historical_class_frequency,2014,"(0.9,1.0]",,,0,
historical_class_frequency,2018,"(0.0,0.1]",,,0,
historical_class_frequency,2018,"(0.1,0.2]",,,0,
historical_class_frequency,2018,"(0.2,0.3]",,,0,
historical_class_frequency,2018,"(0.3,0.4]",,,0,
historical_class_frequency,2018,"(0.4,0.5]",0.4922068253320205,0.390625,64,-0.10158182533202048
historical_class_frequency,2018,"(0.5,0.6]",,,0,
historical_class_frequency,2018,"(0.6,0.7]",,,0,
historical_class_frequency,2018,"(0.7,0.8]",,,0,
historical_class_frequency,2018,"(0.8,0.9]",,,0,
historical_class_frequency,2018,"(0.9,1.0]",,,0,
historical_class_frequency,2022,"(0.0,0.1]",,,0,
historical_class_frequency,2022,"(0.1,0.2]",,,0,
historical_class_frequency,2022,"(0.2,0.3]",,,0,
historical_class_frequency,2022,"(0.3,0.4]",,,0,
historical_class_frequency,2022,"(0.4,0.5]",0.4915098468271335,0.4375,64,-0.0540098468271335
historical_class_frequency,2022,"(0.5,0.6]",,,0,
historical_class_frequency,2022,"(0.6,0.7]",,,0,
historical_class_frequency,2022,"(0.7,0.8]",,,0,
historical_class_frequency,2022,"(0.8,0.9]",,,0,
historical_class_frequency,2022,"(0.9,1.0]",,,0,
market_blend,2014,"(0.0,0.1]",,,0,
market_blend,2014,"(0.1,0.2]",,,0,
market_blend,2014,"(0.2,0.3]",,,0,
market_blend,2014,"(0.3,0.4]",0.37331981564810035,0.3333333333333333,12,-0.039986482314767036
market_blend,2014,"(0.4,0.5]",0.454882971518455,0.6875,16,0.23261702848154497
market_blend,2014,"(0.5,0.6]",0.5402509371195718,0.5,14,-0.04025093711957184
market_blend,2014,"(0.6,0.7]",0.6441495289832894,0.5833333333333334,12,-0.060816195649955995
market_blend,2014,"(0.7,0.8]",0.7353713260271433,0.75,8,0.01462867397285672
market_blend,2014,"(0.8,0.9]",0.8394975270276186,1.0,1,0.1605024729723814
market_blend,2014,"(0.9,1.0]",,,0,
market_blend,2018,"(0.0,0.1]",,,0,
market_blend,2018,"(0.1,0.2]",,,0,
market_blend,2018,"(0.2,0.3]",,,0,
market_blend,2018,"(0.3,0.4]",0.37487093066508304,0.36363636363636365,11,-0.011234567028719389
market_blend,2018,"(0.4,0.5]",0.45329813117972945,0.4117647058823529,17,-0.041533425297376525
market_blend,2018,"(0.5,0.6]",0.5448258216117182,0.75,12,0.20517417838828178
market_blend,2018,"(0.6,0.7]",0.6487746969114886,0.6666666666666666,12,0.01789196975517804
market_blend,2018,"(0.7,0.8]",0.7543544502600286,0.6666666666666666,6,-0.08768778359336193
market_blend,2018,"(0.8,0.9]",0.8103967524967475,0.75,4,-0.060396752496747474
market_blend,2018,"(0.9,1.0]",,,0,
market_blend,2022,"(0.0,0.1]",,,0,
market_blend,2022,"(0.1,0.2]",,,0,
market_blend,2022,"(0.2,0.3]",,,0,
market_blend,2022,"(0.3,0.4]",0.3758361114197435,0.1111111111111111,9,-0.2647250003086324
market_blend,2022,"(0.4,0.5]",0.4569835321864453,0.6153846153846154,13,0.15840108319817015
market_blend,2022,"(0.5,0.6]",0.5531729485215282,0.5294117647058824,17,-0.023761183815645848
market_blend,2022,"(0.6,0.7]",0.6517458412532233,0.5625,16,-0.08924584125322332
market_blend,2022,"(0.7,0.8]",0.7528191853049142,0.8,5,0.04718081469508584
market_blend,2022,"(0.8,0.9]",0.8536483168656788,0.6666666666666666,3,-0.18698165019901214
market_blend,2022,"(0.9,1.0]",,,0,
official_model,2014,"(0.0,0.1]",,,0,
official_model,2014,"(0.1,0.2]",,,0,
official_model,2014,"(0.2,0.3]",,,0,
official_model,2014,"(0.3,0.4]",0.3809120973618694,0.16666666666666666,6,-0.21424543069520272
official_model,2014,"(0.4,0.5]",0.4533292091780461,0.39285714285714285,28,-0.06047206632090324
official_model,2014,"(0.5,0.6]",0.5456785623575484,0.8125,16,0.2668214376424516
official_model,2014,"(0.6,0.7]",0.6589247558664584,0.6,10,-0.0589247558664584
official_model,2014,"(0.7,0.8]",0.7629812450050807,1.0,4,0.2370187549949193
official_model,2014,"(0.8,0.9]",,,0,
official_model,2014,"(0.9,1.0]",,,0,
official_model,2018,"(0.0,0.1]",,,0,
official_model,2018,"(0.1,0.2]",,,0,
official_model,2018,"(0.2,0.3]",,,0,
official_model,2018,"(0.3,0.4]",0.3775169627944923,0.4444444444444444,9,0.0669274816499521
official_model,2018,"(0.4,0.5]",0.440393637426013,0.3333333333333333,21,-0.10706030409267969
official_model,2018,"(0.5,0.6]",0.5535772145335729,0.5789473684210527,19,0.025370153887479763
official_model,2018,"(0.6,0.7]",0.6409748423986478,0.5555555555555556,9,-0.08541928684309219
official_model,2018,"(0.7,0.8]",0.7501313338392791,0.8333333333333334,6,0.08320199949405427
official_model,2018,"(0.8,0.9]",,,0,
official_model,2018,"(0.9,1.0]",,,0,
official_model,2022,"(0.0,0.1]",,,0,
official_model,2022,"(0.1,0.2]",,,0,
official_model,2022,"(0.2,0.3]",,,0,
official_model,2022,"(0.3,0.4]",0.3854005996334494,0.4,5,0.014599400366550608
official_model,2022,"(0.4,0.5]",0.44793797850755834,0.42105263157894735,19,-0.026885346928610998
official_model,2022,"(0.5,0.6]",0.5500301215108052,0.25,16,-0.3000301215108052
official_model,2022,"(0.6,0.7]",0.6537950947307061,0.7222222222222222,18,0.06842712749151614
official_model,2022,"(0.7,0.8]",0.7213912062672202,0.8,5,0.07860879373277985
official_model,2022,"(0.8,0.9]",0.8765353557135449,0.0,1,-0.8765353557135449
official_model,2022,"(0.9,1.0]",,,0,
poisson_goal_model,2014,"(0.0,0.1]",,,0,
poisson_goal_model,2014,"(0.1,0.2]",,,0,
poisson_goal_model,2014,"(0.2,0.3]",,,0,
poisson_goal_model,2014,"(0.3,0.4]",0.3745064266410259,0.0,6,-0.3745064266410259
poisson_goal_model,2014,"(0.4,0.5]",0.46240626638698296,0.4,20,-0.062406266386982934
poisson_goal_model,2014,"(0.5,0.6]",0.5449477284913024,0.4090909090909091,22,-0.13585681940039324
poisson_goal_model,2014,"(0.6,0.7]",0.6431734440702823,0.5454545454545454,11,-0.0977188986157369
poisson_goal_model,2014,"(0.7,0.8]",0.7359973918959922,0.4,5,-0.3359973918959922
poisson_goal_model,2014,"(0.8,0.9]",,,0,
poisson_goal_model,2014,"(0.9,1.0]",,,0,
poisson_goal_model,2018,"(0.0,0.1]",,,0,
poisson_goal_model,2018,"(0.1,0.2]",,,0,
poisson_goal_model,2018,"(0.2,0.3]",,,0,
poisson_goal_model,2018,"(0.3,0.4]",0.38115498238122103,0.25,8,-0.13115498238122103
poisson_goal_model,2018,"(0.4,0.5]",0.4483924792216401,0.4583333333333333,24,0.00994085411169321
poisson_goal_model,2018,"(0.5,0.6]",0.5425072090514285,0.4,20,-0.14250720905142844
poisson_goal_model,2018,"(0.6,0.7]",0.6464090813194199,0.42857142857142855,7,-0.21783765274799133
poisson_goal_model,2018,"(0.7,0.8]",0.7318357757615581,0.4,5,-0.3318357757615581
poisson_goal_model,2018,"(0.8,0.9]",,,0,
poisson_goal_model,2018,"(0.9,1.0]",,,0,
poisson_goal_model,2022,"(0.0,0.1]",,,0,
poisson_goal_model,2022,"(0.1,0.2]",,,0,
poisson_goal_model,2022,"(0.2,0.3]",,,0,
poisson_goal_model,2022,"(0.3,0.4]",0.3824664659221403,0.36363636363636365,11,-0.01883010228577664
poisson_goal_model,2022,"(0.4,0.5]",0.456812492052847,0.4,25,-0.056812492052847
poisson_goal_model,2022,"(0.5,0.6]",0.5511038552273146,0.5,18,-0.05110385522731464
poisson_goal_model,2022,"(0.6,0.7]",0.6424027705540996,0.75,4,0.10759722944590044
poisson_goal_model,2022,"(0.7,0.8]",0.727070243090746,0.5,6,-0.22707024309074597
poisson_goal_model,2022,"(0.8,0.9]",,,0,
poisson_goal_model,2022,"(0.9,1.0]",,,0,
random_uniform,2014,"(0.0,0.1]",,,0,
random_uniform,2014,"(0.1,0.2]",,,0,
random_uniform,2014,"(0.2,0.3]",,,0,
random_uniform,2014,"(0.3,0.4]",0.3333333333333333,0.34375,64,0.010416666666666685
random_uniform,2014,"(0.4,0.5]",,,0,
random_uniform,2014,"(0.5,0.6]",,,0,
random_uniform,2014,"(0.6,0.7]",,,0,
random_uniform,2014,"(0.7,0.8]",,,0,
random_uniform,2014,"(0.8,0.9]",,,0,
random_uniform,2014,"(0.9,1.0]",,,0,
random_uniform,2018,"(0.0,0.1]",,,0,
random_uniform,2018,"(0.1,0.2]",,,0,
random_uniform,2018,"(0.2,0.3]",,,0,
random_uniform,2018,"(0.3,0.4]",0.3333333333333333,0.40625,64,0.07291666666666669
random_uniform,2018,"(0.4,0.5]",,,0,
random_uniform,2018,"(0.5,0.6]",,,0,
random_uniform,2018,"(0.6,0.7]",,,0,
random_uniform,2018,"(0.7,0.8]",,,0,
random_uniform,2018,"(0.8,0.9]",,,0,
random_uniform,2018,"(0.9,1.0]",,,0,
random_uniform,2022,"(0.0,0.1]",,,0,
random_uniform,2022,"(0.1,0.2]",,,0,
random_uniform,2022,"(0.2,0.3]",,,0,
random_uniform,2022,"(0.3,0.4]",0.3333333333333333,0.328125,64,-0.005208333333333315
random_uniform,2022,"(0.4,0.5]",,,0,
random_uniform,2022,"(0.5,0.6]",,,0,
random_uniform,2022,"(0.6,0.7]",,,0,
random_uniform,2022,"(0.7,0.8]",,,0,
random_uniform,2022,"(0.8,0.9]",,,0,
random_uniform,2022,"(0.9,1.0]",,,0,
rolling_form_only,2014,"(0.0,0.1]",,,0,
rolling_form_only,2014,"(0.1,0.2]",,,0,
rolling_form_only,2014,"(0.2,0.3]",,,0,
rolling_form_only,2014,"(0.3,0.4]",0.38665941198849924,0.5714285714285714,7,0.18476915944007216
rolling_form_only,2014,"(0.4,0.5]",0.4429796350364163,0.6923076923076923,26,0.249328057271276
rolling_form_only,2014,"(0.5,0.6]",0.5392046918893328,0.625,16,0.08579530811066716
rolling_form_only,2014,"(0.6,0.7]",0.6377074431687982,0.5,10,-0.13770744316879824
rolling_form_only,2014,"(0.7,0.8]",0.7505292577876551,0.6,5,-0.15052925778765514
rolling_form_only,2014,"(0.8,0.9]",,,0,
rolling_form_only,2014,"(0.9,1.0]",,,0,
rolling_form_only,2018,"(0.0,0.1]",,,0,
rolling_form_only,2018,"(0.1,0.2]",,,0,
rolling_form_only,2018,"(0.2,0.3]",,,0,
rolling_form_only,2018,"(0.3,0.4]",0.37971902078733727,0.16666666666666666,12,-0.2130523541206706
rolling_form_only,2018,"(0.4,0.5]",0.4406479528456981,0.38461538461538464,26,-0.05603256823031344
rolling_form_only,2018,"(0.5,0.6]",0.5395397315392778,0.47058823529411764,17,-0.06895149624516017
rolling_form_only,2018,"(0.6,0.7]",0.65597649460612,0.75,4,0.09402350539388005
rolling_form_only,2018,"(0.7,0.8]",0.7467832970972619,0.8,5,0.05321670290273817
rolling_form_only,2018,"(0.8,0.9]",,,0,
rolling_form_only,2018,"(0.9,1.0]",,,0,
rolling_form_only,2022,"(0.0,0.1]",,,0,
rolling_form_only,2022,"(0.1,0.2]",,,0,
rolling_form_only,2022,"(0.2,0.3]",,,0,
rolling_form_only,2022,"(0.3,0.4]",0.3798292912665011,0.4375,16,0.05767070873349889
rolling_form_only,2022,"(0.4,0.5]",0.4517491624274454,0.45454545454545453,22,0.002796292118009136
rolling_form_only,2022,"(0.5,0.6]",0.5501591274643246,0.35294117647058826,17,-0.19721795099373635
rolling_form_only,2022,"(0.6,0.7]",0.6388706220823939,0.5,8,-0.13887062208239387
rolling_form_only,2022,"(0.7,0.8]",0.73910051821793,1.0,1,0.26089948178207
rolling_form_only,2022,"(0.8,0.9]",,,0,
rolling_form_only,2022,"(0.9,1.0]",,,0,
bookmaker_calibrated,all,"(0.0,0.1]",,,0,
bookmaker_calibrated,all,"(0.1,0.2]",,,0,
bookmaker_calibrated,all,"(0.2,0.3]",,,0,
bookmaker_calibrated,all,"(0.3,0.4]",0.3753588570672022,0.23529411764705882,17,-0.14006473942014336
bookmaker_calibrated,all,"(0.4,0.5]",0.4507462960307937,0.4074074074074074,27,-0.04333888862338631
bookmaker_calibrated,all,"(0.5,0.6]",0.5467393043064929,0.6785714285714286,28,0.13183212426493573
bookmaker_calibrated,all,"(0.6,0.7]",0.6552333341629596,0.6071428571428571,28,-0.048090477020102496
bookmaker_calibrated,all,"(0.7,0.8]",0.7317681958467014,0.5384615384615384,13,-0.19330665738516295
bookmaker_calibrated,all,"(0.8,0.9]",0.8405314000809394,0.8333333333333334,12,-0.007198066747606036
bookmaker_calibrated,all,"(0.9,1.0]",,,0,
bookmaker_odds_only,all,"(0.0,0.1]",,,0,
bookmaker_odds_only,all,"(0.1,0.2]",,,0,
bookmaker_odds_only,all,"(0.2,0.3]",,,0,
bookmaker_odds_only,all,"(0.3,0.4]",0.3745607196209628,0.28125,32,-0.09331071962096282
bookmaker_odds_only,all,"(0.4,0.5]",0.45489090636466245,0.5652173913043478,46,0.11032648493968533
bookmaker_odds_only,all,"(0.5,0.6]",0.5466363512530374,0.5813953488372093,43,0.03475899758417189
bookmaker_odds_only,all,"(0.6,0.7]",0.6485756042697227,0.6,40,-0.04857560426972274
bookmaker_odds_only,all,"(0.7,0.8]",0.7459575387527311,0.7368421052631579,19,-0.009115433489573221
bookmaker_odds_only,all,"(0.8,0.9]",0.8302536859514555,0.75,8,-0.08025368595145554
bookmaker_odds_only,all,"(0.9,1.0]",,,0,
bookmaker_raw_implied,all,"(0.0,0.1]",,,0,
bookmaker_raw_implied,all,"(0.1,0.2]",,,0,
bookmaker_raw_implied,all,"(0.2,0.3]",,,0,
bookmaker_raw_implied,all,"(0.3,0.4]",0.3745607196209628,0.28125,32,-0.09331071962096282
bookmaker_raw_implied,all,"(0.4,0.5]",0.45489090636466245,0.5652173913043478,46,0.11032648493968533
bookmaker_raw_implied,all,"(0.5,0.6]",0.5466363512530374,0.5813953488372093,43,0.03475899758417189
bookmaker_raw_implied,all,"(0.6,0.7]",0.6485756042697227,0.6,40,-0.04857560426972274
bookmaker_raw_implied,all,"(0.7,0.8]",0.7459575387527311,0.7368421052631579,19,-0.009115433489573221
bookmaker_raw_implied,all,"(0.8,0.9]",0.8302536859514555,0.75,8,-0.08025368595145554
bookmaker_raw_implied,all,"(0.9,1.0]",,,0,
elo_only,all,"(0.0,0.1]",,,0,
elo_only,all,"(0.1,0.2]",,,0,
elo_only,all,"(0.2,0.3]",,,0,
elo_only,all,"(0.3,0.4]",0.3809772855650157,0.5277777777777778,36,0.1468004922127621
elo_only,all,"(0.4,0.5]",0.4465874465417586,0.45588235294117646,68,0.00929490639941788
elo_only,all,"(0.5,0.6]",0.5497113104877991,0.6363636363636364,33,0.08665232587583727
elo_only,all,"(0.6,0.7]",0.6482939615264997,0.6052631578947368,38,-0.043030803631762815
elo_only,all,"(0.7,0.8]",0.748566868032203,0.625,16,-0.12356686803220296
elo_only,all,"(0.8,0.9]",0.8028939806861465,1.0,1,0.19710601931385352
elo_only,all,"(0.9,1.0]",,,0,
fifa_ranking_only,all,"(0.0,0.1]",,,0,
fifa_ranking_only,all,"(0.1,0.2]",,,0,
fifa_ranking_only,all,"(0.2,0.3]",,,0,
fifa_ranking_only,all,"(0.3,0.4]",0.38463827406511086,0.4166666666666667,12,0.03202839260155582
fifa_ranking_only,all,"(0.4,0.5]",0.45251188955050337,0.42424242424242425,66,-0.02826946530807911
fifa_ranking_only,all,"(0.5,0.6]",0.5396469286524953,0.5416666666666666,48,0.002019738014171324
fifa_ranking_only,all,"(0.6,0.7]",0.6578350267219456,0.5,24,-0.1578350267219456
fifa_ranking_only,all,"(0.7,0.8]",0.7574533896173447,0.6666666666666666,18,-0.09078672295067802
fifa_ranking_only,all,"(0.8,0.9]",0.8450469408154739,0.5263157894736842,19,-0.31873115134178975
fifa_ranking_only,all,"(0.9,1.0]",0.9171510625959088,0.8,5,-0.1171510625959088
historical_class_frequency,all,"(0.0,0.1]",,,0,
historical_class_frequency,all,"(0.1,0.2]",,,0,
historical_class_frequency,all,"(0.2,0.3]",,,0,
historical_class_frequency,all,"(0.3,0.4]",,,0,
historical_class_frequency,all,"(0.4,0.5]",0.49249004626236087,0.4270833333333333,192,-0.06540671292902756
historical_class_frequency,all,"(0.5,0.6]",,,0,
historical_class_frequency,all,"(0.6,0.7]",,,0,
historical_class_frequency,all,"(0.7,0.8]",,,0,
historical_class_frequency,all,"(0.8,0.9]",,,0,
historical_class_frequency,all,"(0.9,1.0]",,,0,
market_blend,all,"(0.0,0.1]",,,0,
market_blend,all,"(0.1,0.2]",,,0,
market_blend,all,"(0.2,0.3]",,,0,
market_blend,all,"(0.3,0.4]",0.3745607196209628,0.28125,32,-0.09331071962096282
market_blend,all,"(0.4,0.5]",0.45489090636466245,0.5652173913043478,46,0.11032648493968533
market_blend,all,"(0.5,0.6]",0.5466363512530374,0.5813953488372093,43,0.03475899758417189
market_blend,all,"(0.6,0.7]",0.6485756042697227,0.6,40,-0.04857560426972274
market_blend,all,"(0.7,0.8]",0.7459575387527311,0.7368421052631579,19,-0.009115433489573221
market_blend,all,"(0.8,0.9]",0.8302536859514555,0.75,8,-0.08025368595145554
market_blend,all,"(0.9,1.0]",,,0,
official_model,all,"(0.0,0.1]",,,0,
official_model,all,"(0.1,0.2]",,,0,
official_model,all,"(0.2,0.3]",,,0,
official_model,all,"(0.3,0.4]",0.3805064123744447,0.35,20,-0.030506412374444736
official_model,all,"(0.4,0.5]",0.4478280269790466,0.38235294117647056,68,-0.06547508580257605
official_model,all,"(0.5,0.6]",0.5499863925104225,0.5490196078431373,51,-0.0009667846672851699
official_model,all,"(0.6,0.7]",0.6520630498758141,0.6486486486486487,37,-0.003414401227165409
official_model,all,"(0.7,0.8]",0.7439779342928066,0.8666666666666667,15,0.12268873237386013
official_model,all,"(0.8,0.9]",0.8765353557135449,0.0,1,-0.8765353557135449
official_model,all,"(0.9,1.0]",,,0,
poisson_goal_model,all,"(0.0,0.1]",,,0,
poisson_goal_model,all,"(0.1,0.2]",,,0,
poisson_goal_model,all,"(0.2,0.3]",,,0,
poisson_goal_model,all,"(0.3,0.4]",0.3801363817615787,0.24,25,-0.14013638176157872
poisson_goal_model,all,"(0.4,0.5]",0.4555051758026115,0.42028985507246375,69,-0.03521532073014777
poisson_goal_model,all,"(0.5,0.6]",0.5459810600321482,0.43333333333333335,60,-0.11264772669881484
poisson_goal_model,all,"(0.6,0.7]",0.644062842555702,0.5454545454545454,22,-0.0986082971011566
poisson_goal_model,all,"(0.7,0.8]",0.7313492060520141,0.4375,16,-0.29384920605201414
poisson_goal_model,all,"(0.8,0.9]",,,0,
poisson_goal_model,all,"(0.9,1.0]",,,0,
random_uniform,all,"(0.0,0.1]",,,0,
random_uniform,all,"(0.1,0.2]",,,0,
random_uniform,all,"(0.2,0.3]",,,0,
random_uniform,all,"(0.3,0.4]",0.3333333333333333,0.359375,192,0.026041666666666685
random_uniform,all,"(0.4,0.5]",,,0,
random_uniform,all,"(0.5,0.6]",,,0,
random_uniform,all,"(0.6,0.7]",,,0,
random_uniform,all,"(0.7,0.8]",,,0,
random_uniform,all,"(0.8,0.9]",,,0,
random_uniform,all,"(0.9,1.0]",,,0,
rolling_form_only,all,"(0.0,0.1]",,,0,
rolling_form_only,all,"(0.1,0.2]",,,0,
rolling_form_only,all,"(0.2,0.3]",,,0,
rolling_form_only,all,"(0.3,0.4]",0.38115750838947304,0.37142857142857144,35,-0.009728936960901602
rolling_form_only,all,"(0.4,0.5]",0.4447675521397132,0.5135135135135135,74,0.06874596137380029
rolling_form_only,all,"(0.5,0.6]",0.5430431134658112,0.48,50,-0.06304311346581126
rolling_form_only,all,"(0.6,0.7]",0.6414520630350734,0.5454545454545454,22,-0.09599751758052799
rolling_form_only,all,"(0.7,0.8]",0.7477875720584105,0.7272727272727273,11,-0.020514844785683217
rolling_form_only,all,"(0.8,0.9]",,,0,
rolling_form_only,all,"(0.9,1.0]",,,0,
