team,squad_market_value,starting_xi_market_value,top_5_player_rating_avg,top_11_player_rating_avg,goalkeeper_strength,defense_strength,midfield_strength,attack_strength,bench_strength,avg_age,total_caps,international_goals,club_minutes_last_season,club_minutes_recent_90_days,source,updated_at
France,1520.0,,,,,,,,,,,,,,https://sports.yahoo.com/articles/top-10-most-valuable-squads-093615752.html,2026-06-22
England,1360.0,,,,,,,,,,,,,,https://sports.yahoo.com/articles/top-10-most-valuable-squads-093615752.html,2026-06-22
Spain,1220.0,,,,,,,,,,,,,,https://sports.yahoo.com/articles/top-10-most-valuable-squads-093615752.html,2026-06-22
Portugal,1010.0,,,,,,,,,,,,,,https://sports.yahoo.com/articles/top-10-most-valuable-squads-093615752.html,2026-06-22
Germany,947.0,,,,,,,,,,,,,,https://sports.yahoo.com/articles/top-10-most-valuable-squads-093615752.html,2026-06-22
Brazil,928.2,,,,,,,,,,,,,,https://sports.yahoo.com/articles/top-10-most-valuable-squads-093615752.html,2026-06-22
Argentina,807.5,,,,,,,,,,,,,,https://sports.yahoo.com/articles/top-10-most-valuable-squads-093615752.html,2026-06-22
Netherlands,754.2,,,,,,,,,,,,,,https://sports.yahoo.com/articles/top-10-most-valuable-squads-093615752.html,2026-06-22
Norway,589.9,,,,,,,,,,,,,,https://sports.yahoo.com/articles/top-10-most-valuable-squads-093615752.html,2026-06-22
Belgium,547.5,,,,,,,,,,,,,,https://sports.yahoo.com/articles/top-10-most-valuable-squads-093615752.html,2026-06-22
Ivory Coast,522.1,,,,,,,,,,,,,,https://sports.yahoo.com/articles/top-10-most-valuable-squads-093615752.html,2026-06-22
Senegal,478.1,,,,,,,,,,,,,,https://sports.yahoo.com/articles/top-10-most-valuable-squads-093615752.html,2026-06-22
Turkey,473.7,,,,,,,,,,,,,,https://sports.yahoo.com/articles/top-10-most-valuable-squads-093615752.html,2026-06-22
Morocco,447.7,,,,,,,,,,,,,,https://sports.yahoo.com/articles/top-10-most-valuable-squads-093615752.html,2026-06-22
Sweden,406.08,,,,,,,,,,,,,,https://sports.yahoo.com/articles/top-10-most-valuable-squads-093615752.html,2026-06-22
Croatia,387.3,,,,,,,,,,,,,,https://sports.yahoo.com/articles/top-10-most-valuable-squads-093615752.html,2026-06-22
United States,385.6,,,,,,,,,,,,,,https://sports.yahoo.com/articles/top-10-most-valuable-squads-093615752.html,2026-06-22
Ecuador,368.7,,,,,,,,,,,,,,https://sports.yahoo.com/articles/top-10-most-valuable-squads-093615752.html,2026-06-22
Uruguay,359.3,,,,,,,,,,,,,,https://sports.yahoo.com/articles/top-10-most-valuable-squads-093615752.html,2026-06-22
Switzerland,332.5,,,,,,,,,,,,,,https://sports.yahoo.com/articles/top-10-most-valuable-squads-093615752.html,2026-06-22
Colombia,302.35,,,,,,,,,,,,,,https://sports.yahoo.com/articles/top-10-most-valuable-squads-093615752.html,2026-06-22
Japan,270.85,,,,,,,,,,,,,,https://sports.yahoo.com/articles/top-10-most-valuable-squads-093615752.html,2026-06-22
Algeria,256.9,,,,,,,,,,,,,,https://sports.yahoo.com/articles/top-10-most-valuable-squads-093615752.html,2026-06-22
Austria,245.2,,,,,,,,,,,,,,https://sports.yahoo.com/articles/top-10-most-valuable-squads-093615752.html,2026-06-22
Ghana,234.5,,,,,,,,,,,,,,https://sports.yahoo.com/articles/top-10-most-valuable-squads-093615752.html,2026-06-22
Canada,198.65,,,,,,,,,,,,,,https://sports.yahoo.com/articles/top-10-most-valuable-squads-093615752.html,2026-06-22
Mexico,191.85,,,,,,,,,,,,,,https://sports.yahoo.com/articles/top-10-most-valuable-squads-093615752.html,2026-06-22
Czechia,188.18,,,,,,,,,,,,,,https://sports.yahoo.com/articles/top-10-most-valuable-squads-093615752.html,2026-06-22
Scotland,170.25,,,,,,,,,,,,,,https://sports.yahoo.com/articles/top-10-most-valuable-squads-093615752.html,2026-06-22
Paraguay,153.65,,,,,,,,,,,,,,https://sports.yahoo.com/articles/top-10-most-valuable-squads-093615752.html,2026-06-22
Bosnia and Herzegovina,146.4,,,,,,,,,,,,,,https://sports.yahoo.com/articles/top-10-most-valuable-squads-093615752.html,2026-06-22
DR Congo,143.9,,,,,,,,,,,,,,https://sports.yahoo.com/articles/top-10-most-valuable-squads-093615752.html,2026-06-22
South Korea,139.05,,,,,,,,,,,,,,https://sports.yahoo.com/articles/top-10-most-valuable-squads-093615752.html,2026-06-22
Egypt,116.48,,,,,,,,,,,,,,https://sports.yahoo.com/articles/top-10-most-valuable-squads-093615752.html,2026-06-22
Uzbekistan,85.33,,,,,,,,,,,,,,https://sports.yahoo.com/articles/top-10-most-valuable-squads-093615752.html,2026-06-22
Australia,77.45,,,,,,,,,,,,,,https://sports.yahoo.com/articles/top-10-most-valuable-squads-093615752.html,2026-06-22
Tunisia,69.95,,,,,,,,,,,,,,https://sports.yahoo.com/articles/top-10-most-valuable-squads-093615752.html,2026-06-22
Haiti,55.9,,,,,,,,,,,,,,https://sports.yahoo.com/articles/top-10-most-valuable-squads-093615752.html,2026-06-22
Cape Verde,49.25,,,,,,,,,,,,,,https://sports.yahoo.com/articles/top-10-most-valuable-squads-093615752.html,2026-06-22
South Africa,49.25,,,,,,,,,,,,,,https://sports.yahoo.com/articles/top-10-most-valuable-squads-093615752.html,2026-06-22
Saudi Arabia,40.68,,,,,,,,,,,,,,https://sports.yahoo.com/articles/top-10-most-valuable-squads-093615752.html,2026-06-22
Panama,34.55,,,,,,,,,,,,,,https://sports.yahoo.com/articles/top-10-most-valuable-squads-093615752.html,2026-06-22
New Zealand,34.45,,,,,,,,,,,,,,https://sports.yahoo.com/articles/top-10-most-valuable-squads-093615752.html,2026-06-22
Iran,32.05,,,,,,,,,,,,,,https://sports.yahoo.com/articles/top-10-most-valuable-squads-093615752.html,2026-06-22
Curaçao,25.78,,,,,,,,,,,,,,https://sports.yahoo.com/articles/top-10-most-valuable-squads-093615752.html,2026-06-22
Iraq,21.2,,,,,,,,,,,,,,https://sports.yahoo.com/articles/top-10-most-valuable-squads-093615752.html,2026-06-22
Jordan,20.3,,,,,,,,,,,,,,https://sports.yahoo.com/articles/top-10-most-valuable-squads-093615752.html,2026-06-22
Qatar,19.93,,,,,,,,,,,,,,https://sports.yahoo.com/articles/top-10-most-valuable-squads-093615752.html,2026-06-22
