match_id,source,date,home_team,away_team,neutral,tournament,competition_type,stage,group,country,city,venue,home_score,away_score,result,home_win,draw,away_win,goal_diff,total_goals,home_matches_last_5,away_matches_last_5,home_matches_last_10,away_matches_last_10,home_win_rate_last_5,away_win_rate_last_5,home_win_rate_last_10,away_win_rate_last_10,home_goals_for_avg_last_5,away_goals_for_avg_last_5,home_goals_against_avg_last_5,away_goals_against_avg_last_5,home_goal_diff_avg_last_5,away_goal_diff_avg_last_5,home_goals_for_avg_last_10,away_goals_for_avg_last_10,home_goals_against_avg_last_10,away_goals_against_avg_last_10,home_goal_diff_avg_last_10,away_goal_diff_avg_last_10,home_days_since_last_match,away_days_since_last_match,rest_days_diff,home_elo_pre_match,away_elo_pre_match,elo_diff,home_fifa_rank,away_fifa_rank,fifa_rank_diff,is_world_cup,is_qualifier,is_continental_tournament,is_friendly,match_weight,target_result_class,target_home_goals,target_away_goals,status,last_updated,source_priority,duplicate_group_id,home_dynamic_rating_pre,away_dynamic_rating_pre,dynamic_rating_diff,home_overall_rating_pre,away_overall_rating_pre,overall_rating_diff,home_attack_rating_pre,away_attack_rating_pre,attack_rating_diff,home_defense_rating_pre,away_defense_rating_pre,defense_rating_diff,home_attack_vs_away_defense,away_attack_vs_home_defense,home_internal_elo,away_internal_elo,internal_elo_diff,home_internal_elo_rank,away_internal_elo_rank,internal_elo_rank_diff,home_fifa_points,away_fifa_points,fifa_points_diff,home_fifa_rank_change,away_fifa_rank_change,home_fifa_points_change,away_fifa_points_change,home_fifa_ranking_date,away_fifa_ranking_date,home_external_elo,away_external_elo,external_elo_diff,home_external_elo_change,away_external_elo_change,home_external_elo_date,away_external_elo_date,home_xg_for_avg_last_5,away_xg_for_avg_last_5,home_xg_against_avg_last_5,away_xg_against_avg_last_5,home_xg_diff_last_5,away_xg_diff_last_5,home_xg_for_avg_last_10,away_xg_for_avg_last_10,home_xg_against_avg_last_10,away_xg_against_avg_last_10,home_xg_diff_last_10,away_xg_diff_last_10,home_shots_for_avg_last_5,away_shots_for_avg_last_5,home_shots_against_avg_last_5,away_shots_against_avg_last_5,home_squad_market_value,home_starting_xi_market_value,home_top_5_player_rating_avg,home_top_11_player_rating_avg,home_goalkeeper_strength,home_defense_strength,home_midfield_strength,home_attack_strength,home_bench_strength,home_avg_age,home_total_caps,home_international_goals,home_club_minutes_last_season,home_club_minutes_recent_90_days,away_squad_market_value,away_starting_xi_market_value,away_top_5_player_rating_avg,away_top_11_player_rating_avg,away_goalkeeper_strength,away_defense_strength,away_midfield_strength,away_attack_strength,away_bench_strength,away_avg_age,away_total_caps,away_international_goals,away_club_minutes_last_season,away_club_minutes_recent_90_days,squad_market_value_diff,starting_xi_market_value_diff,top_11_player_rating_diff,goalkeeper_strength_diff,defense_strength_diff,midfield_strength_diff,attack_strength_diff,bench_strength_diff,avg_age_diff,total_caps_diff,club_minutes_recent_90_days_diff,home_odds,draw_odds,away_odds,market_home_prob,market_draw_prob,market_away_prob,home_missing_starters_count,home_missing_key_players_count,home_injury_impact_score,home_suspension_impact_score,home_goalkeeper_missing,home_captain_missing,home_minutes_lost_from_expected_xi,away_missing_starters_count,away_missing_key_players_count,away_injury_impact_score,away_suspension_impact_score,away_goalkeeper_missing,away_captain_missing,away_minutes_lost_from_expected_xi,missing_starters_count_diff,missing_key_players_count_diff,injury_impact_score_diff,suspension_impact_score_diff,minutes_lost_from_expected_xi_diff
worldcup_2026_46a8f4cc930d9c8a,worldcup_json,2026-06-11 00:00:00,Mexico,South Africa,True,World Cup 2026,world_cup,Matchday 1,Group A,,,,,,,,,,,,5,5,10,10,0.6,0.2,0.6,0.5,1.8,0.8,0.4,1.0,1.4,-0.2,1.6,1.5,0.4,1.0,1.2,0.5,7.0,5.0,2.0,1828.6304032034407,1622.964274713947,205.66612848949376,14.0,59.0,-45.0,True,False,False,False,1.477566702739834,,,,SCHEDULED,,2,dup_00049493,1890.9468858484088,1640.7713884021766,250.17549744623216,33.4999069361926,9.929977157707281,23.56992977848532,1.2995954975138673,0.6525468200235417,0.6470486774903256,1.901487845156832,0.6129824079573069,1.2885054371995253,0.6866130895565604,-1.2489410251332904,1863.8378605068474,1637.8391612075548,225.99869929929264,16,70,-54,,,,1.0,-13.0,,,2024-04-04,2024-04-04,,,,,,,,,,,,,,,,,,,,,,,,191.85,,,,,,,,,,,,,,49.25,,,,,,,,,,,,,,142.6,,,,,,,,,,,1.41,4.33,8.26,0.6682985255345428,0.21762145981609823,0.114080014649359,0.0,0.0,0.0,0.0,0.0,0.0,,0.0,0.0,0.0,0.0,0.0,0.0,,0.0,0.0,0.0,0.0,
worldcup_2026_894d86ece5e894eb,worldcup_json,2026-06-11 00:00:00,South Korea,Czechia,True,World Cup 2026,world_cup,Matchday 1,Group A,,,,,,,,,,,,5,5,10,10,0.6,0.6,0.6,0.5,1.4,3.4,1.0,1.2,0.4,2.2,1.5,2.2,1.2,0.9,0.3,1.3,8.0,7.0,1.0,1786.3440085315724,1694.0207745000273,92.3232340315451,23.0,36.0,-13.0,True,False,False,False,1.477566702739834,,,,SCHEDULED,,2,dup_00049494,1824.3741219934036,1737.4450508688044,86.9290711245992,23.823025359293673,25.473935741420945,-1.6509103821272717,1.2936028406049438,1.4930010984033564,-0.19939825779841258,1.0696833696282462,1.0046415241408015,0.06504184548744463,0.28896131646414225,0.4233177287751102,1812.1886983086977,1718.3136008234608,93.87509748523689,24,45,-21,,,,-5.0,-9.0,,,2024-04-04,2024-04-04,,,,,,,,,,,,,,,,,,,,,,,,139.05,,,,,,,,,,,,,,188.18,,,,,,,,,,,,,,-49.129999999999995,,,,,,,,,,,2.54,3.06,2.93,0.3707879108699608,0.30777820052604593,0.3214338886039933,0.0,0.0,0.0,0.0,0.0,0.0,,0.0,0.0,0.0,0.0,0.0,0.0,,0.0,0.0,0.0,0.0,
worldcup_2026_58d003388db93eaf,worldcup_json,2026-06-12 00:00:00,United States,Paraguay,True,World Cup 2026,world_cup,Matchday 2,Group D,,,,,,,,,,,,5,5,10,10,0.4,0.6,0.5,0.4,2.2,1.8,2.4,1.0,-0.2,0.8,1.8,1.2,1.7,1.0,0.1,0.2,6.0,7.0,-1.0,1746.7201009037808,1743.8646738461878,2.855427057593033,17.0,41.0,-24.0,True,False,False,False,1.4795921536946306,,,,SCHEDULED,,2,dup_00049496,1796.5924009037387,1812.503139069748,-15.910738166009196,27.22787940816978,28.132772586985883,-0.9048931788161028,1.6755888804441532,1.2867511215903455,0.38883775885380767,1.1851116110542799,1.652189501555493,-0.4670778905012132,0.02339937888866017,0.10163951053606568,1784.612736294712,1773.230253040198,11.382483254514,29,30,-1,1671.23,1505.35,165.8800000000001,6.0,-15.0,,,2026-06-11,2026-06-11,,,,,,,,,,,,,,,,,,,,,,,,385.6,,,,,,,,,,,,,,153.65,,,,,,,,,,,,,,231.95000000000002,,,,,,,,,,,2.03,3.21,3.84,0.46273917989030666,0.29263568074059887,0.24462513936909439,0.0,0.0,0.5,0.0,0.0,0.0,,0.0,0.0,0.0,0.0,0.0,0.0,,0.0,0.0,0.5,0.0,
worldcup_2026_d37de223f8101645,worldcup_json,2026-06-12 00:00:00,Canada,Bosnia and Herzegovina,True,World Cup 2026,world_cup,Matchday 2,Group B,,,,,,,,,,,,5,5,10,10,0.4,0.0,0.4,0.3,1.4,0.8,0.6,0.8,0.8,0.0,1.1,2.0,0.4,1.0,0.7,1.0,7.0,6.0,1.0,1753.4616854708497,1588.7365410871148,164.72514438373491,30.0,64.0,-34.0,True,False,False,False,1.4795921536946306,,,,SCHEDULED,,2,dup_00049495,1816.37504014359,1618.503809144979,197.87123099861105,26.436767928149962,18.194991282505605,8.241776645644357,1.2111580850202721,0.8051118869553769,0.40604619806489517,1.6332042341876276,0.946747357851113,0.6864568763365146,0.26441072716915914,-0.8280923472322507,1791.8199900905001,1602.297376660727,189.52261342977317,27,87,-60,1559.48,1387.22,172.26,-19.0,-10.0,,,2026-06-11,2026-06-11,,,,,,,,,,,,,,,,,,,,,,,,198.65,,,,,,,,,,,,,,146.4,,,,,,,,,,,,,,52.25,,,,,,,,,,,1.82,3.45,4.52,0.5180834169451882,0.27330777357688196,0.2086088094779298,0.0,0.0,0.25,0.0,0.0,1.0,,0.0,0.0,0.0,0.0,0.0,0.0,,0.0,0.0,0.25,0.0,
worldcup_2026_424cb609da482b78,worldcup_json,2026-06-13 00:00:00,Haiti,Scotland,True,World Cup 2026,world_cup,Matchday 3,Group C,,,,,,,,,,,,5,5,10,10,0.4,0.6,0.4,0.6,1.6,2.4,0.8,1.0,0.8,1.4,1.5,2.1,1.0,1.0,0.5,1.1,8.0,7.0,1.0,1611.3338121562706,1697.1025803656573,-85.76876820938674,83.0,42.0,41.0,True,False,False,False,1.4816203811410484,,,,SCHEDULED,,2,dup_00049499,1642.6092997424919,1752.7895277507162,-110.18022800822428,11.319519397531788,25.83452233913211,-14.515002941600322,0.918818001986971,1.5137613520092434,-0.5949433500222725,0.761505059848488,1.2892074617623261,-0.5277024019138381,-0.3703894597753552,0.7522562921607554,1631.9199028818402,1725.288916386139,-93.36901350429866,74,42,32,1293.1,1503.34,-210.24,-7.0,3.0,,,2026-06-11,2026-06-11,,,,,,,,,,,,,,,,,,,,,,,,55.9,,,,,,,,,,,,,,170.25,,,,,,,,,,,,,,-114.35,,,,,,,,,,,5.41,4.29,1.56,0.17454989319499545,0.22012002848133455,0.60533007832367,0.0,0.0,0.0,0.0,0.0,0.0,,1.0,0.0,0.5,0.0,0.0,0.0,,-1.0,0.0,-0.5,0.0,
worldcup_2026_42d4f482d24b4f68,worldcup_json,2026-06-13 00:00:00,Australia,Turkey,True,World Cup 2026,world_cup,Matchday 3,Group D,,,,,,,,,,,,5,5,10,10,0.4,0.8,0.5,0.8,1.4,2.0,1.2,0.6,0.2,1.4,1.3,2.5,1.0,1.3,0.3,1.2,7.0,7.0,0.0,1778.1455815375905,1786.5759760844455,-8.430394546855041,27.0,22.0,5.0,True,False,False,False,1.4816203811410484,,,,SCHEDULED,,2,dup_00049500,1832.365330058883,1857.6317049715622,-25.26637491267911,25.469247440760007,39.51792455917249,-14.048677118412485,1.372953291193604,1.7791886593891886,-0.4062353681955846,1.6450013428320438,1.3812782890157873,0.2637230538162565,-0.008324997822183322,0.13418731655714478,1813.928935117712,1817.703396538548,-3.7744614208361327,24,23,1,1579.34,1605.73,-26.3900000000001,3.0,-18.0,,,2026-06-11,2026-06-11,,,,,,,,,,,,,,,,,,,,,,,,77.45,,,,,,,,,,,,,,473.7,,,,,,,,,,,,,,-396.25,,,,,,,,,,,5.17,3.69,1.68,0.18253288224226416,0.25574390276219666,0.5617232149955391,2.0,0.0,1.0,0.0,0.0,0.0,,1.0,0.0,0.5,0.0,0.0,0.0,,1.0,0.0,0.5,0.0,
worldcup_2026_7a0f196d373d02fd,worldcup_json,2026-06-13 00:00:00,Brazil,Morocco,True,World Cup 2026,world_cup,Matchday 3,Group C,,,,,,,,,,,,5,5,10,10,0.6,0.6,0.6,0.7,2.6,2.6,1.4,0.6,1.2,2.0,2.5,2.2,1.1,0.3,1.4,1.9,7.0,6.0,1.0,1907.7515821791596,1840.9529775862695,66.79860459289011,6.0,7.0,-1.0,True,False,False,False,1.4816203811410484,,,,SCHEDULED,,2,dup_00049498,1978.9768915196269,1909.4561815898387,69.52070992978815,32.82765876143163,37.53737705559462,-4.70971829416299,1.995801484115476,1.5736310976131593,0.42217038650231675,1.6266027014516928,1.8545302504079841,-0.2279275489562913,0.14127123370749195,-0.0529716038385335,1961.269993506033,1881.123199047413,80.14679445861998,4,12,-8,1765.86,1755.1,10.759999999999991,1.0,-6.0,,,2026-06-11,2026-06-11,,,,,,,,,,,,,,,,,,,,,,,,928.2,,,,,,,,,,,,,,447.7,,,,,,,,,,,,,,480.50000000000006,,,,,,,,,,,1.66,3.67,5.41,0.5684546560732947,0.2571211795862859,0.17442416434041944,3.0,1.0,1.0,0.0,0.0,0.0,,1.0,1.0,0.75,0.0,0.0,0.0,,2.0,0.0,0.25,0.0,
worldcup_2026_df7d2bb610a40d52,worldcup_json,2026-06-13 00:00:00,Qatar,Switzerland,True,World Cup 2026,world_cup,Matchday 3,Group B,,,,,,,,,,,,5,5,10,10,0.0,0.2,0.1,0.5,0.2,1.8,1.2,1.4,-1.0,0.4,0.7,2.2,1.5,0.8,-0.8,1.4,7.0,7.0,0.0,1592.6147065858793,1791.9162808589385,-199.30157427305926,56.0,19.0,37.0,True,False,False,False,1.4816203811410484,,,,SCHEDULED,,2,dup_00049497,1589.064118969,1864.6983492620707,-275.6342302930707,3.248841989466025,32.1865943873328,-28.937752397866777,0.40867357071342253,1.882255639108909,-1.4735820683954863,0.1979614167762628,1.5799403792284188,-1.381978962452156,-1.1712668085149962,1.684294222332646,1596.5570208216395,1835.6195537804624,-239.06253295882289,88,18,70,1450.31,1650.06,-199.75,22.0,0.0,,,2026-06-11,2026-06-11,,,,,,,,,,,,,,,,,,,,,,,,19.93,,,,,,,,,,,,,,332.5,,,,,,,,,,,,,,-312.57,,,,,,,,,,,14.57,6.88,1.19,0.06509810594344626,0.1378603784296529,0.7970415156269007,0.0,0.0,0.0,0.0,0.0,0.0,,0.0,0.0,0.0,0.0,0.0,0.0,,0.0,0.0,0.0,0.0,
worldcup_2026_049ab5ed07a0bbce,worldcup_json,2026-06-14 00:00:00,Ivory Coast,Ecuador,True,World Cup 2026,world_cup,Matchday 4,Group E,,,,,,,,,,,,5,5,10,10,0.8,0.6,0.7,0.4,2.4,1.8,0.8,0.6,1.6,1.2,1.9,1.2,0.8,0.5,1.1,0.7,10.0,7.0,3.0,1723.7425250357855,1831.9901560689668,-108.24763103318128,33.0,23.0,10.0,True,False,False,False,1.483651388885107,,,,SCHEDULED,,2,dup_00049502,1760.3914926635389,1912.9891257363777,-152.5976330728388,26.00337870917118,34.50213069568661,-8.49875198651543,1.149241926224915,1.1358916626120272,0.013350263612887714,1.2362964074906535,2.289284176350309,-1.0529877688596554,-1.140042250125394,-0.10040474487862627,1745.4889060050718,1872.6440809875787,-127.15517498250688,37,13,24,1540.87,1598.52,-57.65000000000009,-5.0,-8.0,,,2026-06-11,2026-06-11,,,,,,,,,,,,,,,,,,,,,,,,522.1,,,,,,,,,,,,,,368.7,,,,,,,,,,,,,,153.40000000000003,,,,,,,,,,,3.22,2.89,2.45,0.2916750771360189,0.32498053577092767,0.3833443870930534,0.0,0.0,0.0,0.0,0.0,0.0,,0.0,0.0,0.0,0.0,0.0,0.0,,0.0,0.0,0.0,0.0,
worldcup_2026_52bbf124b6466f69,worldcup_json,2026-06-14 00:00:00,Netherlands,Japan,True,World Cup 2026,world_cup,Matchday 4,Group F,,,,,,,,,,,,5,5,10,10,0.6,1.0,0.6,0.7,1.8,1.6,0.8,0.0,1.0,1.6,2.2,1.9,0.8,0.6,1.4,1.3,6.0,14.0,-8.0,1862.359241357911,1848.0260581607022,14.333183197208882,8.0,18.0,-10.0,True,False,False,False,1.483651388885107,,,,SCHEDULED,,2,dup_00049503,1933.776674026532,1916.971104280585,16.80556974594697,31.98362940456305,35.618347239107734,-3.6347178345446842,2.113928880411787,1.8613404883375515,0.25258839207423556,1.548277712749295,1.7227574069007499,-0.1744796941514548,0.3911714735110372,0.31306277558825646,1910.1799562029043,1892.9695445059858,17.210411696918527,9,10,-1,1753.57,1661.58,91.99000000000001,0.0,0.0,59.059999999999945,,2026-06-11,2026-06-11,,,,,,,,,,,,,,,,,,,,,,,,754.2,,,,,,,,,,,,,,270.85,,,,,,,,,,,,,,483.35,,,,,,,,,,,1.99,3.43,3.72,0.47278615389745854,0.2742986723778258,0.2529151737247157,2.0,0.0,1.0,0.0,0.0,0.0,,2.0,1.0,1.0,0.0,0.0,0.0,,0.0,-1.0,0.0,0.0,
worldcup_2026_7d75aa6fa8ae0065,worldcup_json,2026-06-14 00:00:00,Germany,Curaçao,True,World Cup 2026,world_cup,Matchday 4,Group E,,,,,,,,,,,,5,5,10,10,1.0,0.2,0.9,0.4,3.6,1.2,1.0,2.2,2.6,-1.0,2.8,1.9,0.8,1.4,2.0,0.5,8.0,8.0,0.0,1867.6084558261562,1520.408316351851,347.20013947430516,10.0,82.0,-72.0,True,False,False,False,1.483651388885107,,,,SCHEDULED,,2,dup_00049501,1938.2493343925282,1557.4389906033134,380.8103437892148,36.67504526657557,4.076589565348778,32.5984557012268,2.3083588082481943,0.6103362847164301,1.698022523531764,1.5420521287558915,0.38990116268589886,1.1521509660699927,1.9184576455622955,-0.9317158440394614,1913.7495956878101,1544.671050850958,369.0785448368522,8,114,-106,1735.77,1294.77,441.0,-6.0,,,,2026-06-11,2026-06-11,,,,,,,,,,,,,,,,,,,,,,,,947.0,,,,,,,,,,,,,,25.78,,,,,,,,,,,,,,921.22,,,,,,,,,,,1.03,18.1,49.67,0.9279511443750561,0.05280605959703358,0.019242796027910365,2.0,2.0,1.0,0.0,1.0,0.0,,0.0,0.0,0.0,0.0,0.0,0.0,,2.0,2.0,1.0,0.0,
worldcup_2026_db25b1dc7555ad51,worldcup_json,2026-06-14 00:00:00,Sweden,Tunisia,True,World Cup 2026,world_cup,Matchday 4,Group F,,,,,,,,,,,,5,5,10,10,0.4,0.2,0.2,0.3,2.0,0.4,1.8,1.4,0.2,-1.0,1.3,1.3,2.0,1.4,-0.7,-0.1,10.0,8.0,2.0,1690.5829085916491,1673.190314912106,17.392593679543097,38.0,45.0,-7.0,True,False,False,False,1.483651388885107,,,,SCHEDULED,,2,dup_00049504,1728.7139600123412,1702.4862926815622,26.227667330779013,24.532108511293135,12.509041990361125,12.02306652093201,1.50601070785721,0.7394528447022743,0.7665578631549357,0.782731720624245,0.9357125233400004,-0.15298080271575543,0.5702981845172096,-0.04327887592197066,1713.9732577402228,1697.5806025790434,16.39265516117939,45,55,-10,1509.79,1476.41,33.37999999999988,11.0,4.0,,,2026-06-11,2026-06-11,,,,,,,,,,,,,,,,,,,,,,,,406.08,,,,,,,,,,,,,,69.95,,,,,,,,,,,,,,336.13,,,,,,,,,,,1.85,3.4,4.36,0.5080191912268677,0.2764222069910898,0.2155586017820425,0.0,0.0,0.0,0.0,0.0,0.0,,0.0,0.0,0.0,0.0,0.0,0.0,,0.0,0.0,0.0,0.0,
worldcup_2026_27f687215cdbf572,worldcup_json,2026-06-15 00:00:00,Belgium,Egypt,True,World Cup 2026,world_cup,Matchday 5,Group G,,,,,,,,,,,,5,5,10,10,0.8,0.4,0.7,0.5,4.0,1.2,0.6,0.4,3.4,0.8,3.7,1.3,0.6,0.6,3.1,0.7,9.0,9.0,0.0,1835.2061568705894,1724.3617962419044,110.84436062868508,9.0,29.0,-20.0,True,False,False,False,1.4856851807380436,,,,SCHEDULED,,2,dup_00049505,1898.023765632807,1757.885519150767,140.1382464820399,30.716758637359447,25.23793879930755,5.478819838051898,2.2867651823632253,0.7391922696251642,1.5475729127380613,1.433789319211214,1.414497080720192,0.01929223849102213,0.8722681016430334,-0.69459704958605,1881.6993705825137,1744.44941993098,137.2499506515337,12,39,-27,1742.24,1562.37,179.87000000000012,6.0,-8.0,,,2026-06-11,2026-06-11,,,,,,,,,,,,,,,,,,,,,,,,547.5,,,,,,,,,,,,,,116.48,,,,,,,,,,,,,,431.02,,,,,,,,,,,1.51,4.14,6.22,0.6220841466478558,0.22689542546817928,0.151020427883965,0.0,0.0,0.0,0.0,0.0,0.0,,0.0,0.0,0.0,0.0,0.0,0.0,,0.0,0.0,0.0,0.0,
worldcup_2026_83cca2c1147aed34,worldcup_json,2026-06-15 00:00:00,Saudi Arabia,Uruguay,True,World Cup 2026,world_cup,Matchday 5,Group H,,,,,,,,,,,,5,5,10,10,0.2,0.2,0.4,0.4,1.0,0.8,1.6,1.4,-0.6,-0.6,1.2,1.0,1.3,0.9,-0.1,0.1,6.0,76.0,-70.0,1643.1064416812817,1825.6272094726673,-182.52076779138565,61.0,16.0,45.0,True,False,False,False,1.4856851807380436,,,,SCHEDULED,,2,dup_00049507,1666.9070964390291,1888.2886086113501,-221.38151217232098,13.69065801168107,27.449459011743276,-13.758801000062206,0.5318451929142303,1.037221759323659,-0.5053765664094287,0.9549793983164654,1.8595144621503128,-0.9045350638338474,-1.3276692692360825,0.08224236100719362,1659.0904483089882,1865.4113550343086,-206.32090672532036,66,15,51,1423.88,1673.07,-249.18999999999983,8.0,1.0,,,2026-06-11,2026-06-11,,,,,,,,,,,,,,,,,,,,,,,,40.68,,,,,,,,,,,,,,359.3,,,,,,,,,,,,,,-318.62,,,,,,,,,,,7.5,4.11,1.46,0.12559967849697334,0.2291964936076156,0.645203827895411,0.0,0.0,0.0,0.0,0.0,0.0,,1.0,0.0,0.5,0.0,0.0,0.0,,-1.0,0.0,-0.5,0.0,
worldcup_2026_dbc988fbe87329c5,worldcup_json,2026-06-15 00:00:00,Iran,New Zealand,True,World Cup 2026,world_cup,Matchday 5,Group G,,,,,,,,,,,,5,5,10,10,0.6,0.2,0.5,0.1,2.2,0.8,0.6,2.0,1.6,-1.2,1.7,0.7,0.6,1.8,1.1,-1.1,11.0,9.0,2.0,1804.3540736537216,1636.1275221931717,168.2265514605499,20.0,85.0,-65.0,True,False,False,False,1.4856851807380436,,,,SCHEDULED,,2,dup_00049506,1844.3681149978822,1686.704055784994,157.66405921288833,22.97090431075336,10.324178287474714,12.646726023278648,1.182282118657094,1.4867947328251139,-0.3045126141680199,1.2230280205416675,1.1205091647484036,0.10251885579326392,0.06177295390869042,0.2637667122834464,1834.338903493017,1676.9180491961645,157.42085429685244,19,58,-39,1619.58,1275.58,344.0,0.0,-19.0,,,2026-06-11,2026-06-11,,,,,,,,,,,,,,,,,,,,,,,,32.05,,,,,,,,,,,,,,34.45,,,,,,,,,,,,,,-2.4000000000000057,,,,,,,,,,,1.81,3.37,4.7,0.5202376690304378,0.27941548395996807,0.20034684700959413,0.0,0.0,0.0,0.0,0.0,0.0,,0.0,0.0,0.0,0.0,0.0,0.0,,0.0,0.0,0.0,0.0,
worldcup_2026_347b9b3c78a59fbd,worldcup_json,2026-06-16 00:00:00,Austria,Jordan,True,World Cup 2026,world_cup,Matchday 6,Group J,,,,,,,,,,,,5,5,10,10,0.8,0.0,0.8,0.5,2.0,1.4,0.4,2.6,1.6,-1.2,2.7,1.7,0.4,1.5,2.3,0.2,15.0,9.0,6.0,1747.9306063513873,1668.8252947693582,79.10531158202912,24.0,63.0,-39.0,True,False,False,False,1.4877217605163187,,,,SCHEDULED,,2,dup_00049511,1814.6201628545855,1715.8215006016876,98.79866225289788,26.492882083958587,18.443630432835832,8.049251651122756,1.5331858184887965,1.1694828298644266,0.3637029886243699,1.491134145022794,0.7779299576234633,0.7132041873993307,0.7552558608653333,-0.3216513151583673,1785.37628523486,1698.0006740793613,87.37561115549875,28,54,-26,1597.4,1387.74,209.66000000000008,-1.0,-8.0,,,2026-06-11,2026-06-11,,,,,,,,,,,,,,,,,,,,,,,,245.2,,,,,,,,,,,,,,20.3,,,,,,,,,,,,,,224.89999999999998,,,,,,,,,,,1.38,4.69,8.33,0.684974042391291,0.20154886535180838,0.11347709225690053,0.0,0.0,0.0,0.0,0.0,0.0,,0.0,0.0,0.0,0.0,0.0,0.0,,0.0,0.0,0.0,0.0,
worldcup_2026_b830bf61d0cbe48e,worldcup_json,2026-06-16 00:00:00,Iraq,Norway,True,World Cup 2026,world_cup,Matchday 6,Group I,,,,,,,,,,,,5,5,10,10,0.4,0.4,0.5,0.6,0.8,1.8,1.0,1.0,-0.2,0.8,1.1,3.1,1.0,0.8,0.1,2.3,7.0,9.0,-2.0,1686.5993360414388,1750.2215552511361,-63.62221920969728,57.0,31.0,26.0,True,False,False,False,1.4877217605163187,,,,SCHEDULED,,2,dup_00049509,1712.3112997142985,1840.9513803296998,-128.6400806154013,18.025673904635127,36.31296043783237,-18.287286533197246,0.40137733738326986,2.478931400316002,-2.077554062932732,1.043183998824522,1.5814918895071925,-0.5383078906826706,-1.1801145521239227,1.43574740149148,1700.650651709527,1800.096622127001,-99.44597041747397,51,26,25,1446.28,1557.44,-111.16000000000008,-1.0,-16.0,,,2026-06-11,2026-06-11,,,,,,,,,,,,,,,,,,,,,,,,21.2,,,,,,,,,,,,,,589.9,,,,,,,,,,,,,,-568.6999999999999,,,,,,,,,,,13.1,6.5,1.21,0.07224477798394356,0.14560101409071702,0.7821542079253393,0.0,0.0,0.0,0.0,0.0,0.0,,0.0,0.0,0.0,0.0,0.0,0.0,,0.0,0.0,0.0,0.0,
worldcup_2026_da4b2a404eca23a1,worldcup_json,2026-06-16 00:00:00,Argentina,Algeria,True,World Cup 2026,world_cup,Matchday 6,Group J,,,,,,,,,,,,5,5,10,10,1.0,0.6,0.8,0.7,2.8,2.4,0.2,0.4,2.6,2.0,2.5,2.1,0.3,0.4,2.2,1.7,7.0,6.0,1.0,1986.3777486412193,1775.1473345600068,211.23041408121253,1.0,28.0,-27.0,True,False,False,False,1.4877217605163187,,,,SCHEDULED,,2,dup_00049510,2075.111180051215,1825.9360689836494,249.17511106756547,37.06886327677737,30.07390386484366,6.99495941193371,2.047452394032685,1.4381236265209327,0.6093287675117522,2.152625993537715,1.3257309807687148,0.8268950127690005,0.7217214132639702,-0.7145023670167825,2039.5543323789168,1808.2756809301125,231.27865144880434,1,25,-24,1877.27,1571.03,306.24,0.0,-15.0,,,2026-06-11,2026-06-11,,,,,,,,,,,,,,,,,,,,,,,,807.5,,,,,,,,,,,,,,256.9,,,,,,,,,,,,,,550.6,,,,,,,,,,,1.51,4.06,6.48,0.6230739717981632,0.23173440823035135,0.14519161997148555,2.0,1.0,1.0,0.0,0.0,0.0,,1.0,1.0,1.0,0.0,1.0,0.0,,1.0,0.0,0.0,0.0,
worldcup_2026_eda7cee5ea6c3f73,worldcup_json,2026-06-16 00:00:00,France,Senegal,True,World Cup 2026,world_cup,Matchday 6,Group I,,,,,,,,,,,,5,5,10,10,0.8,0.4,0.8,0.6,2.4,1.4,1.2,1.4,1.2,0.0,2.5,1.6,0.9,0.9,1.6,0.7,8.0,7.0,1.0,1938.9662924252862,1795.975493232493,142.99079919279325,3.0,15.0,-12.0,True,False,False,False,1.4877217605163187,,,,SCHEDULED,,2,dup_00049508,2018.5732269037956,1839.0470092455698,179.52621765822573,36.74536625337677,24.921814327542403,11.82355192583437,1.9850708802681198,1.3097434603435603,0.6753274199245596,1.7420016744743902,1.167736769417619,0.5742649050567712,0.8173341108505008,-0.43225821413083,1988.4628725388886,1819.3250418614443,169.1378306774443,3,23,-20,1870.7,1684.07,186.6300000000001,1.0,-2.0,,,2026-06-11,2026-06-11,,,,,,,,,,,,,,,,,,,,,,,,1520.0,,,,,,,,,,,,,,478.1,,,,,,,,,,,,,,1041.9,,,,,,,,,,,1.47,4.41,6.42,0.6400797607178466,0.21335992023928216,0.1465603190428714,0.0,0.0,0.25,0.0,0.0,0.0,,0.0,0.0,0.0,0.0,0.0,0.0,,0.0,0.0,0.25,0.0,
worldcup_2026_a284f948e9da893a,worldcup_json,2026-06-17 00:00:00,Portugal,DR Congo,True,World Cup 2026,world_cup,Matchday 7,Group K,,,,,,,,,,,,5,5,10,10,0.8,0.4,0.7,0.5,3.0,0.8,0.6,0.6,2.4,0.2,2.6,1.1,0.9,0.5,1.7,0.6,7.0,8.0,-1.0,1886.8053811640023,1648.8719610793537,237.93342008464856,5.0,46.0,-41.0,True,False,False,False,1.4897611320416257,,,,SCHEDULED,,2,dup_00049512,1961.5984008787632,1688.3431094748416,273.25529140392155,34.91310922717221,19.969752894096832,14.943356333075375,2.1704455820479818,0.4746620927378204,1.6957834893101613,1.4792137912668228,1.365586633124601,0.1136271581422219,0.8048589489233808,-1.0045516985290024,1937.1922929359434,1666.7013512341605,270.49094170178296,6,61,-55,1767.85,1474.43,293.41999999999985,-1.0,-17.0,,,2026-06-11,2026-06-11,,,,,,,,,,,,,,,,,,,,,,,,1010.0,,,,,,,,,,,,,,143.9,,,,,,,,,,,,,,866.1,,,,,,,,,,,1.26,5.54,11.37,0.747241875097869,0.16995031816305325,0.08280780673907784,0.0,0.0,0.0,0.0,0.0,0.0,,0.0,0.0,0.0,0.0,0.0,0.0,,0.0,0.0,0.0,0.0,
worldcup_2026_c3d185a2b7b2c5b3,worldcup_json,2026-06-17 00:00:00,Ghana,Panama,True,World Cup 2026,world_cup,Matchday 7,Group L,,,,,,,,,,,,5,5,10,10,0.0,0.4,0.3,0.4,0.6,2.0,2.2,2.2,-1.6,-0.2,1.1,1.8,1.4,1.6,-0.3,0.2,15.0,11.0,4.0,1582.4240146358159,1724.2703813251073,-141.84636668929147,73.0,34.0,39.0,True,False,False,False,1.4897611320416257,,,,SCHEDULED,,2,dup_00049515,1604.6362023204385,1772.0053874963821,-167.36918517594358,9.260035875815646,18.679350617723877,-9.41931474190823,0.761320617539035,1.1707079020022344,-0.4093872844631994,0.7598015077902104,0.654181532861985,0.10561997492822539,0.10713908467705002,0.410906394212024,1603.5490991087927,1750.1267461749153,-146.5776470661226,88,37,51,1346.88,1539.16,-192.27999999999997,5.0,-11.0,,,2026-06-11,2026-06-11,,,,,,,,,,,,,,,,,,,,,,,,234.5,,,,,,,,,,,,,,34.55,,,,,,,,,,,,,,199.95,,,,,,,,,,,2.3,3.16,3.18,0.40797700440099394,0.2969452880133816,0.2950777075856245,1.0,1.0,0.75,0.0,0.0,0.0,,0.0,0.0,0.0,0.0,0.0,0.0,,1.0,1.0,0.75,0.0,
worldcup_2026_e47b8b5fca3f8429,worldcup_json,2026-06-17 00:00:00,England,Croatia,True,World Cup 2026,world_cup,Matchday 7,Group L,,,,,,,,,,,,5,5,10,10,0.6,0.6,0.8,0.7,1.4,1.6,0.4,1.8,1.0,-0.2,2.4,1.9,0.2,1.0,2.2,0.9,7.0,10.0,-3.0,1893.2976431185318,1830.3600282283187,62.937614890213126,4.0,11.0,-7.0,True,False,False,False,1.4897611320416257,,,,SCHEDULED,,2,dup_00049514,1977.6750633685037,1893.6847107407132,83.99035262779057,36.896918035862434,29.676089780496696,7.220828255365738,1.9803471695573591,1.631514881310903,0.34883228824645607,2.0392382446966684,1.4216450681424424,0.617593176554226,0.5587021014149167,-0.4077233633857653,1948.0368732535685,1867.7277274968865,80.30914575668203,5,14,-9,1828.02,1714.87,113.15000000000009,0.0,1.0,,,2026-06-11,2026-06-11,,,,,,,,,,,,,,,,,,,,,,,,1360.0,,,,,,,,,,,,,,387.3,,,,,,,,,,,,,,972.7,,,,,,,,,,,1.65,3.78,5.29,0.5719458721972902,0.24965891246707114,0.1783952153356387,1.0,1.0,0.75,0.0,0.0,0.0,,1.0,1.0,0.75,0.0,0.0,0.0,,0.0,0.0,0.0,0.0,
worldcup_2026_e71d0b2c36b06ff9,worldcup_json,2026-06-17 00:00:00,Uzbekistan,Colombia,True,World Cup 2026,world_cup,Matchday 7,Group K,,,,,,,,,,,,5,5,10,10,0.2,0.6,0.4,0.7,1.2,2.0,1.4,1.2,-0.2,0.8,1.4,2.5,0.9,1.0,0.5,1.5,9.0,10.0,-1.0,1724.0747831594117,1875.7305949062772,-151.65581174686554,50.0,13.0,37.0,True,False,False,False,1.4897611320416257,,,,SCHEDULED,,2,dup_00049513,1765.868132425437,1959.7115479595943,-193.84341553415743,19.39536522541354,31.944058297985922,-12.548693072572384,0.6828975723894032,2.0881771222296517,-1.4052795498402486,1.3520437879803164,1.6716689670927045,-0.3196251791123881,-0.9887713947033013,0.7361333342493352,1749.5922650956136,1929.3861348666858,-179.7938697710722,38,7,31,1458.73,1698.35,-239.6199999999999,-14.0,1.0,,,2026-06-11,2026-06-11,,,,,,,,,,,,,,,,,,,,,,,,85.33,,,,,,,,,,,,,,302.35,,,,,,,,,,,,,,-217.02000000000004,,,,,,,,,,,9.97,5.16,1.31,0.09485094470676554,0.18326820130357604,0.7218808539896583,0.0,0.0,0.0,0.0,0.0,0.0,,0.0,0.0,0.0,0.0,0.0,0.0,,0.0,0.0,0.0,0.0,
worldcup_2026_18039d224dfc896c,worldcup_json,2026-06-18 00:00:00,Mexico,South Korea,True,World Cup 2026,world_cup,Matchday 8,Group A,,,,,,,,,,,,5,5,10,10,0.8,0.8,0.7,0.7,2.2,2.0,0.4,0.6,1.8,1.4,1.8,1.5,0.4,1.2,1.4,0.3,6.0,5.0,1.0,1834.2307857779513,1805.8331864437523,28.397599334198958,14.0,25.0,-11.0,True,False,False,False,1.4918032991408956,,,,SCHEDULED,,2,dup_00049517,1897.5448958540633,1850.7924542397595,46.752441614303734,34.40454522347878,32.41388721372702,1.9906580097517548,1.294616117334175,1.3784498195453387,-0.08383370221116371,1.9286878451568321,1.2514192224322274,0.6772686227246048,0.04319689490194767,-0.5502380256114934,1869.4261543739897,1831.5659322735257,37.86022210046394,13,19,-6,1687.48,1591.63,95.84999999999991,0.0,2.0,,,2026-06-11,2026-06-11,,,,,,,,,,,,,,,,,,,,,,,,191.85,,,,,,,,,,,,,,139.05,,,,,,,,,,,,,,52.79999999999998,,,,,,,,,,,,,,,,,0.0,0.0,0.0,0.0,0.0,0.0,,0.0,0.0,0.0,0.0,0.0,0.0,,0.0,0.0,0.0,0.0,
worldcup_2026_45f9a6b643b56b62,worldcup_json,2026-06-18 00:00:00,Czechia,South Africa,True,World Cup 2026,world_cup,Matchday 8,Group A,,,,,,,,,,,,5,5,10,10,0.4,0.2,0.4,0.4,2.2,0.6,1.6,1.0,0.6,-0.4,2.1,1.2,1.2,1.2,0.9,0.0,5.0,6.0,-1.0,1674.5315965878474,1617.3638921394363,57.16770444841109,40.0,60.0,-20.0,True,False,False,False,1.4918032991408956,,,,SCHEDULED,,2,dup_00049516,1711.0267186224485,1634.1733783965221,76.85334022592633,16.8830738869876,9.025338870421109,7.85773501656649,1.3112652455993752,0.6253468200235417,0.6859184255758335,0.9197945452004067,0.6179617881369991,0.3018327570634076,0.6933034574623761,-0.294447725176865,1698.9363668586327,1632.2508673404125,66.68549951822024,52,72,-20,1505.74,1428.38,77.3599999999999,4.0,1.0,,,2026-06-11,2026-06-11,,,,,,,,,,,,,,,,,,,,,,,,188.18,,,,,,,,,,,,,,49.25,,,,,,,,,,,,,,138.93,,,,,,,,,,,,,,,,,0.0,0.0,0.0,0.0,0.0,0.0,,0.0,0.0,0.0,0.0,0.0,0.0,,0.0,0.0,0.0,0.0,
worldcup_2026_82c9eb470b79bab5,worldcup_json,2026-06-18 00:00:00,Canada,Qatar,True,World Cup 2026,world_cup,Matchday 8,Group B,,,,,,,,,,,,5,5,10,10,0.2,0.0,0.3,0.1,1.2,0.4,0.8,1.2,0.4,-0.8,0.9,0.6,0.5,1.4,0.4,-0.8,5.0,4.0,1.0,1745.2153759743146,1598.6910719151595,146.52430405915516,30.0,56.0,-26.0,True,False,False,False,1.4918032991408956,,,,SCHEDULED,,2,dup_00049519,1803.691727594599,1600.5189310000912,203.17279659450764,24.297938805255317,8.19919223271318,16.098746572542137,1.1275982261252664,0.5174735707134226,0.6101246554118438,1.5681836749640414,0.47462543101350274,1.0935582439505387,0.6529727951117636,-1.0507101042506188,1782.8560294611154,1603.999042457755,178.85698700336047,29,88,-59,1559.48,1450.31,109.17000000000007,-19.0,22.0,,,2026-06-11,2026-06-11,,,,,,,,,,,,,,,,,,,,,,,,198.65,,,,,,,,,,,,,,19.93,,,,,,,,,,,,,,178.72,,,,,,,,,,,,,,,,,0.0,0.0,0.25,0.0,0.0,1.0,,0.0,0.0,0.0,0.0,0.0,0.0,,0.0,0.0,0.25,0.0,
worldcup_2026_bbb5b0c388d09070,worldcup_json,2026-06-18 00:00:00,Switzerland,Bosnia and Herzegovina,True,World Cup 2026,world_cup,Matchday 8,Group B,,,,,,,,,,,,5,5,10,10,0.2,0.0,0.4,0.2,1.8,0.8,1.4,0.8,0.4,0.0,1.9,1.5,0.9,1.1,1.0,0.4,4.0,5.0,-1.0,1785.8399155296584,1596.98285058365,188.85706494600845,19.0,64.0,-45.0,True,False,False,False,1.4918032991408956,,,,SCHEDULED,,2,dup_00049518,1853.2435372309794,1631.18712169397,222.05641553700934,27.236244144085646,20.33382040540025,6.902423738685396,1.605591624871669,0.870132446178963,0.735459178692706,1.4711403792284188,1.0303072167461187,0.4408331624823001,0.5752844081255504,-0.6010079330494558,1828.177532144347,1611.2613372901117,216.9161948542353,20,85,-65,1650.06,1387.22,262.8399999999999,0.0,-10.0,,,2026-06-11,2026-06-11,,,,,,,,,,,,,,,,,,,,,,,,332.5,,,,,,,,,,,,,,146.4,,,,,,,,,,,,,,186.1,,,,,,,,,,,,,,,,,0.0,0.0,0.0,0.0,0.0,0.0,,0.0,0.0,0.0,0.0,0.0,0.0,,0.0,0.0,0.0,0.0,
worldcup_2026_699cb10bc7fd6982,worldcup_json,2026-06-19 00:00:00,Turkey,Paraguay,True,World Cup 2026,world_cup,Matchday 9,Group D,,,,,,,,,,,,5,5,10,10,0.6,0.4,0.7,0.4,1.4,1.6,1.0,2.0,0.4,-0.4,2.2,1.4,0.9,1.7,1.3,-0.3,4.0,5.0,-1.0,1759.2891225996714,1719.4546583282347,39.83446427143667,22.0,41.0,-19.0,True,False,False,False,1.4938482656463066,,,,SCHEDULED,,2,dup_00049523,1816.1183646401184,1766.2246077089032,49.893756931215194,26.46222319779825,19.452960910160215,7.009262287638034,1.4303927664997271,1.1806122234982857,0.24978054300144148,1.2265666479275916,1.0349173427893592,0.19164930513823242,0.3954754237103679,-0.04595442442930597,1788.2741941063134,1740.864598933104,47.40959517320948,29,40,-11,1605.73,1505.35,100.38000000000011,-18.0,-15.0,,,2026-06-11,2026-06-11,,,,,,,,,,,,,,,,,,,,,,,,473.7,,,,,,,,,,,,,,153.65,,,,,,,,,,,,,,320.04999999999995,,,,,,,,,,,,,,,,,1.0,0.0,0.5,0.0,0.0,0.0,,0.0,0.0,0.0,0.0,0.0,0.0,,1.0,0.0,0.5,0.0,
worldcup_2026_a52237e4369a1991,worldcup_json,2026-06-19 00:00:00,Brazil,Haiti,True,World Cup 2026,world_cup,Matchday 9,Group C,,,,,,,,,,,,5,5,10,10,0.6,0.2,0.5,0.4,2.6,1.2,1.4,1.0,1.2,0.2,2.3,1.2,1.2,0.9,1.1,0.3,5.0,4.0,1.0,1902.8907286520173,1587.4657740735588,315.4249545784585,6.0,83.0,-77.0,True,False,False,False,1.4938482656463066,,,,SCHEDULED,,2,dup_00049521,1971.9633018477155,1612.8783638846187,359.08493796309676,33.980501981165695,8.00907358956826,25.971428391597435,1.9289885963312572,0.6886016881498576,1.2403869081813996,1.6669985633296522,1.0205441065566028,0.6464544567730495,0.9084444897746544,-0.9783968751797947,1955.8999597161544,1608.651292997669,347.2486667184853,5,85,-80,1765.86,1293.1,472.76,1.0,-7.0,,,2026-06-11,2026-06-11,,,,,,,,,,,,,,,,,,,,,,,,928.2,,,,,,,,,,,,,,55.9,,,,,,,,,,,,,,872.3000000000001,,,,,,,,,,,,,,,,,3.0,1.0,1.0,0.0,0.0,0.0,,0.0,0.0,0.0,0.0,0.0,0.0,,3.0,1.0,1.0,0.0,
worldcup_2026_a63ef9f9d9153955,worldcup_json,2026-06-19 00:00:00,Scotland,Morocco,True,World Cup 2026,world_cup,Matchday 9,Group C,,,,,,,,,,,,5,5,10,10,0.8,0.6,0.7,0.6,2.0,2.6,0.4,0.6,1.6,2.0,2.1,2.0,1.0,0.4,1.1,1.6,4.0,5.0,-1.0,1720.9706184483691,1845.8138311134119,-124.84321266504276,42.0,7.0,35.0,True,False,False,False,1.4938482656463066,,,,SCHEDULED,,2,dup_00049520,1782.5204636085894,1916.46977126175,-133.94930765316076,29.14496814709564,36.38453383586055,-7.2395656887649125,1.2547223053011285,1.5332352357352,-0.27851293043407144,1.5194237755994395,1.921343138192203,-0.4019193625927635,-0.6666208328910745,0.0138114601357604,1748.55752627031,1886.4932328372915,-137.93570656698148,37,11,26,1503.34,1755.1,-251.76,3.0,-6.0,,,2026-06-11,2026-06-11,,,,,,,,,,,,,,,,,,,,,,,,170.25,,,,,,,,,,,,,,447.7,,,,,,,,,,,,,,-277.45,,,,,,,,,,,,,,,,,1.0,0.0,0.5,0.0,0.0,0.0,,1.0,1.0,0.75,0.0,0.0,0.0,,0.0,-1.0,-0.25,0.0,
worldcup_2026_c27d0b8f575488e5,worldcup_json,2026-06-19 00:00:00,United States,Australia,True,World Cup 2026,world_cup,Matchday 9,Group D,,,,,,,,,,,,5,5,10,10,0.6,0.6,0.6,0.5,2.4,2.0,1.6,0.6,0.8,1.4,2.4,1.3,1.7,0.9,0.7,0.4,5.0,4.0,1.0,1771.1301164217339,1805.4324350223646,-34.30231860063077,17.0,27.0,-10.0,True,False,False,False,1.4938482656463066,,,,SCHEDULED,,2,dup_00049522,1842.8709322645834,1873.8786703903268,-31.007738125743344,35.90769108499545,38.52494880213425,-2.6172577171387985,2.292861039210287,1.5276649322817997,0.7651961069284872,1.2912505091463398,1.9937972357215052,-0.7025467265751655,0.2990638034887816,0.2364144231354599,1816.978390401806,1843.3581375499466,-26.379747148140495,24,18,6,1671.23,1579.34,91.8900000000001,6.0,3.0,,,2026-06-11,2026-06-11,,,,,,,,,,,,,,,,,,,,,,,,385.6,,,,,,,,,,,,,,77.45,,,,,,,,,,,,,,308.15000000000003,,,,,,,,,,,,,,,,,0.0,0.0,0.5,0.0,0.0,0.0,,2.0,0.0,1.0,0.0,0.0,0.0,,-2.0,0.0,-0.5,0.0,
worldcup_2026_40a592d26f1b8725,worldcup_json,2026-06-20 00:00:00,Netherlands,Sweden,True,World Cup 2026,world_cup,Matchday 10,Group F,,,,,,,,,,,,5,5,10,10,0.4,0.6,0.6,0.4,1.4,3.2,1.2,1.8,0.2,1.4,2.3,2.1,0.9,1.8,1.4,0.3,5.0,4.0,1.0,1859.613068496648,1715.794659017343,143.81840947930505,8.0,38.0,-30.0,True,False,False,False,1.495896035395289,,,,SCHEDULED,,2,dup_00049525,1929.619564657617,1779.1910976340569,150.4284670235602,32.889788684225984,29.174689023808394,3.7150996604175894,2.149129560014286,2.2297652721101895,-0.08063571209590359,1.502454250229298,0.8548136385515746,0.6476406116777234,1.2943159214627113,0.7273110218808916,1907.3139114408852,1753.5696450946152,153.74426634627002,9,36,-27,1753.57,1509.79,243.77999999999997,0.0,11.0,59.059999999999945,,2026-06-11,2026-06-11,,,,,,,,,,,,,,,,,,,,,,,,754.2,,,,,,,,,,,,,,406.08,,,,,,,,,,,,,,348.12000000000006,,,,,,,,,,,,,,,,,2.0,0.0,1.0,0.0,0.0,0.0,,0.0,0.0,0.0,0.0,0.0,0.0,,2.0,0.0,1.0,0.0,
worldcup_2026_6d94a19e0bbb6aae,worldcup_json,2026-06-20 00:00:00,Tunisia,Japan,True,World Cup 2026,world_cup,Matchday 10,Group F,,,,,,,,,,,,5,5,10,10,0.0,0.8,0.2,0.6,0.4,1.6,3.2,0.4,-2.8,1.2,1.0,1.5,2.2,0.8,-1.2,0.7,4.0,5.0,-1.0,1647.978564486412,1850.7722310219651,-202.79366653555303,45.0,18.0,27.0,True,False,False,False,1.495896035395289,,,,SCHEDULED,,2,dup_00049526,1652.0091550598465,1921.1282136495,-269.1190585896534,7.866461477845863,34.712187959444805,-26.84572648159894,0.6673709267749448,1.9071639508575486,-1.2397930240826038,0.21195795908702092,1.687556727298251,-1.4755987682112301,-1.0201858005233062,1.6952059917705278,1657.984215224651,1895.835589268005,-237.85137404335387,66,11,55,1476.41,1661.58,-185.16999999999985,4.0,0.0,,,2026-06-11,2026-06-11,,,,,,,,,,,,,,,,,,,,,,,,69.95,,,,,,,,,,,,,,270.85,,,,,,,,,,,,,,-200.90000000000003,,,,,,,,,,,,,,,,,0.0,0.0,0.0,0.0,0.0,0.0,,2.0,1.0,1.0,0.0,0.0,0.0,,-2.0,-1.0,-1.0,0.0,
worldcup_2026_c959c3f16de53415,worldcup_json,2026-06-20 00:00:00,Germany,Ivory Coast,True,World Cup 2026,world_cup,Matchday 10,Group E,,,,,,,,,,,,5,5,10,10,1.0,0.8,1.0,0.8,3.8,2.0,1.2,0.8,2.6,1.2,3.5,2.0,0.7,0.7,2.8,1.3,5.0,5.0,0.0,1870.3759531309508,1741.2339789570894,129.1419741738614,10.0,33.0,-23.0,True,False,False,False,1.495896035395289,,,,SCHEDULED,,2,dup_00049524,1943.19054624941,1786.3759064330948,156.81463981631532,37.48056369132041,33.42628722113932,4.054276470181094,2.815848568451722,1.2566876722419684,1.5591608962097536,1.4629387739665247,1.4062413621871603,0.05669741177936438,1.4096072062645617,-0.2062511017245563,1917.7199785266623,1763.7662643531019,153.95371417356046,8,32,-24,1735.77,1540.87,194.9000000000001,-6.0,-5.0,,,2026-06-11,2026-06-11,,,,,,,,,,,,,,,,,,,,,,,,947.0,,,,,,,,,,,,,,522.1,,,,,,,,,,,,,,424.9,,,,,,,,,,,,,,,,,2.0,2.0,1.0,0.0,1.0,0.0,,0.0,0.0,0.0,0.0,0.0,0.0,,2.0,2.0,1.0,0.0,
worldcup_2026_2e5a7758d5750c6b,worldcup_json,2026-06-21 00:00:00,Spain,Saudi Arabia,True,World Cup 2026,world_cup,Matchday 11,Group H,,,,,,,,,,,,5,5,10,10,0.4,0.2,0.6,0.3,1.4,1.2,0.4,1.0,1.0,0.2,2.5,1.1,0.4,1.3,2.1,-0.2,5.0,5.0,0.0,1969.2870897583432,1648.5656126709516,320.7214770873916,2.0,61.0,-59.0,True,False,False,False,1.497946612230534,,,,SCHEDULED,,2,dup_00049528,2058.8054477574424,1675.9922321267334,382.813215630709,38.34078415504216,16.901193786328154,21.439590368714004,2.070731727102598,0.6406451929142303,1.4300865341883677,1.8140893201535322,1.0137643594134438,0.8003249607400884,1.0569673676891542,-1.173444127239302,2025.7510550373806,1665.4180423556663,360.3330126817143,2,62,-60,1874.71,1423.88,450.8299999999999,-6.0,8.0,,,2026-06-11,2026-06-11,,,,,,,,,,,,,,,,,,,,,,,,1220.0,,,,,,,,,,,,,,40.68,,,,,,,,,,,,,,1179.32,,,,,,,,,,,,,,,,,1.0,0.0,0.5,0.0,0.0,0.0,,0.0,0.0,0.0,0.0,0.0,0.0,,1.0,0.0,0.5,0.0,
worldcup_2026_34e13fd5859cd71d,worldcup_json,2026-06-21 00:00:00,Uruguay,Cape Verde,True,World Cup 2026,world_cup,Matchday 11,Group H,,,,,,,,,,,,5,5,10,10,0.0,0.2,0.4,0.3,0.6,1.2,1.4,1.6,-0.8,-0.4,1.1,1.4,0.8,1.2,0.3,0.2,5.0,5.0,0.0,1820.1680384829974,1612.6441541113236,207.52388437167383,16.0,67.0,-51.0,True,False,False,False,1.497946612230534,,,,SCHEDULED,,2,dup_00049529,1879.203472923646,1639.7283256478815,239.47514727576436,24.23892323709619,16.400638533288227,7.838284703807965,0.9784367982266806,0.43347078318149856,0.544966015045182,1.7507144621503128,1.0387303929594351,0.7119840691908776,-0.06029359473275453,-1.3172436789688142,1859.0837609876305,1620.9814161735305,238.10234481409998,15,80,-65,1673.07,1371.11,301.96000000000004,1.0,9.0,,,2026-06-11,2026-06-11,,,,,,,,,,,,,,,,,,,,,,,,359.3,,,,,,,,,,,,,,49.25,,,,,,,,,,,,,,310.05,,,,,,,,,,,,,,,,,1.0,0.0,0.5,0.0,0.0,0.0,,0.0,0.0,0.0,0.0,0.0,0.0,,1.0,0.0,0.5,0.0,
worldcup_2026_4de8578ff9306d66,worldcup_json,2026-06-21 00:00:00,New Zealand,Egypt,True,World Cup 2026,world_cup,Matchday 11,Group G,,,,,,,,,,,,5,5,10,10,0.2,0.4,0.1,0.4,1.6,1.4,2.0,0.6,-0.4,0.8,1.0,1.3,1.8,0.7,-0.8,0.6,4.0,5.0,-1.0,1650.8121953620303,1730.8490454574371,-80.03685009540686,85.0,29.0,56.0,True,False,False,False,1.497946612230534,,,,SCHEDULED,,2,dup_00049527,1705.7701042499339,1768.2732578424846,-62.50315359255069,14.844933803459483,26.8142018270254,-11.969268023565917,1.5775626453048057,0.7860574683688669,0.7915051769359388,0.9822711031005772,1.5807255425436444,-0.5984544394430672,-0.003162897238838669,-0.19621363473171027,1690.9082544624714,1751.8322961071278,-60.92404164465643,55,36,19,1275.58,1562.37,-286.78999999999996,-19.0,-8.0,,,2026-06-11,2026-06-11,,,,,,,,,,,,,,,,,,,,,,,,34.45,,,,,,,,,,,,,,116.48,,,,,,,,,,,,,,-82.03,,,,,,,,,,,,,,,,,0.0,0.0,0.0,0.0,0.0,0.0,,0.0,0.0,0.0,0.0,0.0,0.0,,0.0,0.0,0.0,0.0,
worldcup_2026_61004bb27c9198ea,worldcup_json,2026-06-22 00:00:00,Jordan,Algeria,True,World Cup 2026,world_cup,Matchday 12,Group J,,,,,,,,,,,,5,5,10,10,0.0,0.4,0.3,0.6,1.0,1.0,2.8,1.2,-1.8,-0.2,1.4,1.7,1.9,0.9,-0.5,0.8,4.0,4.0,0.0,1648.3701647990547,1763.175535227594,-114.80537042853939,63.0,28.0,35.0,True,False,False,False,1.5,,,,SCHEDULED,,2,dup_00049447,1688.1847000176604,1807.540414046503,-119.35571402884261,13.153332734468663,24.33388048153719,-11.180547747068527,1.1628206621371642,1.2887765987888127,-0.1259559366516485,0.5676579269737035,1.1075780866570537,-0.5399201596833502,0.05524257548011047,0.7211186718151091,1676.2811580606235,1793.2658770961682,-116.98471903554469,59,27,32,1387.74,1571.03,-183.28999999999996,-8.0,-15.0,,,2026-06-11,2026-06-11,,,,,,,,,,,,,,,,,,,,,,,,20.3,,,,,,,,,,,,,,256.9,,,,,,,,,,,,,,-236.59999999999997,,,,,,,,,,,,,,,,,0.0,0.0,0.0,0.0,0.0,0.0,,1.0,1.0,1.0,0.0,1.0,0.0,,-1.0,-1.0,-1.0,0.0,
worldcup_2026_74c5ce53db094213,worldcup_json,2026-06-22 00:00:00,Norway,Senegal,True,World Cup 2026,world_cup,Matchday 12,Group I,,,,,,,,,,,,5,5,10,10,0.4,0.4,0.6,0.6,1.8,1.6,1.0,1.4,0.8,0.2,3.4,1.6,0.9,1.1,2.5,0.5,5.0,5.0,0.0,1764.6337379503705,1788.5446469613116,-23.910909010941168,31.0,15.0,16.0,True,False,False,False,1.5,,,,SCHEDULED,,2,dup_00049448,1863.3258393854876,1829.8195066671465,33.50633271834113,37.78087471455639,22.426543179424566,15.354331535131823,2.6440697537131608,1.320930577465353,1.3231391762478077,1.4726918895071925,1.0544942084932871,0.4181976810139054,1.5895755452198737,-0.1517613120418395,1817.95145934649,1812.0503758836314,5.901083462858651,23,24,-1,1557.44,1684.07,-126.62999999999988,-16.0,-2.0,,,2026-06-11,2026-06-11,,,,,,,,,,,,,,,,,,,,,,,,589.9,,,,,,,,,,,,,,478.1,,,,,,,,,,,,,,111.79999999999995,,,,,,,,,,,,,,,,,0.0,0.0,0.0,0.0,0.0,0.0,,0.0,0.0,0.0,0.0,0.0,0.0,,0.0,0.0,0.0,0.0,
football_data_537399,football-data,2026-06-22 17:00:00,Argentina,Austria,False,FIFA World Cup,world_cup,GROUP_STAGE,GROUP_J,,,,,,,,,,,,5,5,10,10,1.0,1.0,0.9,0.8,3.2,2.6,0.0,0.6,3.2,2.0,2.7,2.8,0.2,0.6,2.5,2.2,5.0,5.0,0.0,1998.349547973632,1768.3857363216907,229.96381165194134,1.0,24.0,-23.0,True,False,False,False,1.5,,,,TIMED,2026-06-21T15:20:13Z,1,dup_00049445,2093.5068349883613,1842.2569634386127,251.2498715497486,42.80888666008384,31.783179782325757,11.025706877758086,2.265605288144346,1.7434578491385564,0.5221474390057896,2.301973021269835,1.4977963127500564,0.8041767085197786,0.7678089753942896,-0.5585151721312787,2054.564136212861,1807.0958012535978,247.46833495926307,1,26,-25,1877.27,1597.4,279.8699999999999,0.0,-1.0,,,2026-06-11,2026-06-11,2128.0,1857.0,271.0,,,2026-06-22,2026-06-22,,,,,,,,,,,,,,,,,807.5,,,,,,,,,,,,,,245.2,,,,,,,,,,,,,,562.3,,,,,,,,,,,,,,,,,2.0,1.0,1.0,0.0,0.0,0.0,,0.0,0.0,0.0,0.0,0.0,0.0,,2.0,1.0,1.0,0.0,
football_data_537393,football-data,2026-06-22 21:00:00,France,Iraq,False,FIFA World Cup,world_cup,GROUP_STAGE,GROUP_I,,,,,,,,,,,,5,5,10,10,0.8,0.4,0.8,0.5,2.4,1.0,1.2,1.6,1.2,-0.6,2.6,1.1,1.0,1.3,1.6,-0.2,6.0,5.0,1.0,1946.3971386964674,1672.1871533422045,274.2099853542629,3.0,57.0,-54.0,True,False,False,False,1.5,,,,TIMED,2026-06-21T15:20:13Z,1,dup_00049446,2027.800729482219,1689.9368406585106,337.8638888237083,39.24063740149461,16.557759627911114,22.682877773583495,2.0983134411924516,0.5101773373832699,1.5881361038091817,1.7308145573525975,0.8780456454273632,0.8527689119252343,1.2202677957650883,-1.2206372199693276,1995.7375385167015,1682.7958144900379,312.9417240266637,3,55,-52,1870.7,1446.28,424.4200000000001,1.0,-1.0,,,2026-06-11,2026-06-11,2084.0,1592.0,492.0,,,2026-06-22,2026-06-22,,,,,,,,,,,,,,,,,1520.0,,,,,,,,,,,,,,21.2,,,,,,,,,,,,,,1498.8,,,,,,,,,,,,,,,,,0.0,0.0,0.25,0.0,0.0,0.0,,0.0,0.0,0.0,0.0,0.0,0.0,,0.0,0.0,0.25,0.0,
football_data_537394,football-data,2026-06-23 00:00:00,Norway,Senegal,False,FIFA World Cup,world_cup,GROUP_STAGE,GROUP_I,,,,,,,,,,,,5,5,10,10,0.4,0.4,0.6,0.6,1.8,1.6,1.0,1.4,0.8,0.2,3.4,1.6,0.9,1.1,2.5,0.5,6.0,6.0,0.0,1764.6337379503705,1788.5446469613116,-23.910909010941168,31.0,15.0,16.0,True,False,False,False,1.5,,,,TIMED,2026-06-21T15:20:13Z,1,dup_00049491,1863.3258393854876,1829.8195066671465,33.50633271834113,37.78087471455639,22.426543179424566,15.354331535131823,2.6440697537131608,1.320930577465353,1.3231391762478077,1.4726918895071925,1.0544942084932871,0.4181976810139054,1.5895755452198737,-0.1517613120418395,1817.95145934649,1812.0503758836314,5.901083462858651,23,24,-1,1557.44,1684.07,-126.62999999999988,-16.0,-2.0,,,2026-06-11,2026-06-11,1929.0,1839.0,90.0,,,2026-06-22,2026-06-22,,,,,,,,,,,,,,,,,589.9,,,,,,,,,,,,,,478.1,,,,,,,,,,,,,,111.79999999999995,,,,,,,,,,,,,,,,,0.0,0.0,0.0,0.0,0.0,0.0,,0.0,0.0,0.0,0.0,0.0,0.0,,0.0,0.0,0.0,0.0,
worldcup_2026_1367527cc7812e22,worldcup_json,2026-06-23 00:00:00,Colombia,DR Congo,True,World Cup 2026,world_cup,Matchday 13,Group K,,,,,,,,,,,,5,5,10,10,0.6,0.4,0.7,0.4,2.0,1.0,1.4,0.6,0.6,0.4,2.5,1.1,1.1,0.6,1.4,0.5,6.0,5.0,1.0,1884.5695019359762,1659.0689360078463,225.50056592812984,13.0,46.0,-33.0,True,False,False,False,1.5,,,,SCHEDULED,,2,dup_00049449,1970.7731261778692,1703.3864245007726,267.38670167709665,34.24442669707804,23.4464597274607,10.797966969617342,2.212462988771742,0.5636811237377647,1.6487818650339774,1.5847960574130555,1.5226474501781808,0.0621486072348747,0.6898155385935614,-1.0211149336752907,1938.0251957490505,1677.6071463487685,260.4180494002819,6,57,-51,1698.35,1474.43,223.91999999999985,1.0,-17.0,,,2026-06-11,2026-06-11,1998.0,1674.0,324.0,,,2026-06-22,2026-06-22,,,,,,,,,,,,,,,,,302.35,,,,,,,,,,,,,,143.9,,,,,,,,,,,,,,158.45000000000002,,,,,,,,,,,,,,,,,0.0,0.0,0.0,0.0,0.0,0.0,,0.0,0.0,0.0,0.0,0.0,0.0,,0.0,0.0,0.0,0.0,
football_data_537400,football-data,2026-06-23 03:00:00,Jordan,Algeria,False,FIFA World Cup,world_cup,GROUP_STAGE,GROUP_J,,,,,,,,,,,,5,5,10,10,0.0,0.4,0.3,0.6,1.0,1.0,2.8,1.2,-1.8,-0.2,1.4,1.7,1.9,0.9,-0.5,0.8,5.0,6.0,-1.0,1648.3701647990547,1763.175535227594,-114.80537042853939,63.0,28.0,35.0,True,False,False,False,1.5,,,,TIMED,2026-06-21T15:20:13Z,1,dup_00049492,1688.1847000176604,1807.540414046503,-119.35571402884261,13.153332734468663,24.33388048153719,-11.180547747068527,1.1628206621371642,1.2887765987888127,-0.1259559366516485,0.5676579269737035,1.1075780866570537,-0.5399201596833502,0.05524257548011047,0.7211186718151091,1676.2811580606235,1793.2658770961682,-116.98471903554469,58,27,31,1387.74,1571.03,-183.28999999999996,-8.0,-15.0,,,2026-06-11,2026-06-11,1653.0,1759.0,-106.0,,,2026-06-22,2026-06-22,,,,,,,,,,,,,,,,,20.3,,,,,,,,,,,,,,256.9,,,,,,,,,,,,,,-236.59999999999997,,,,,,,,,,,,,,,,,0.0,0.0,0.0,0.0,0.0,0.0,,1.0,1.0,1.0,0.0,1.0,0.0,,-1.0,-1.0,-1.0,0.0,
football_data_537405,football-data,2026-06-23 17:00:00,Portugal,Uzbekistan,False,FIFA World Cup,world_cup,GROUP_STAGE,GROUP_K,,,,,,,,,,,,5,5,10,10,0.6,0.2,0.6,0.3,1.4,1.0,0.6,1.6,0.8,-0.6,2.2,1.2,1.0,1.2,1.2,0.0,6.0,6.0,0.0,1876.6084062355096,1715.2358761297128,161.37253010579684,5.0,50.0,-45.0,True,False,False,False,1.5,,,,TIMED,2026-06-21T15:20:13Z,1,dup_00049452,1946.5550858528322,1754.806554207162,191.74853164567025,31.43640239380834,17.094996826321417,14.341405567486923,2.013384764994402,0.7697704820690522,1.2436142829253498,1.3901947602668785,1.227757921438226,0.16243683882865256,0.785626843556176,-0.6204242781978263,1926.2864978213354,1740.953204213249,185.33329360808648,7,39,-32,1767.85,1458.73,309.1199999999999,-1.0,-14.0,,,2026-06-11,2026-06-11,1967.0,1698.0,269.0,,,2026-06-22,2026-06-22,,,,,,,,,,,,,,,,,1010.0,,,,,,,,,,,,,,85.33,,,,,,,,,,,,,,924.67,,,,,,,,,,,,,,,,,0.0,0.0,0.0,0.0,0.0,0.0,,0.0,0.0,0.0,0.0,0.0,0.0,,0.0,0.0,0.0,0.0,
football_data_537411,football-data,2026-06-23 20:00:00,England,Ghana,False,FIFA World Cup,world_cup,GROUP_STAGE,GROUP_L,,,,,,,,,,,,5,5,10,10,0.6,0.2,0.8,0.4,1.8,0.8,0.8,2.0,1.0,-1.2,2.6,1.1,0.4,1.3,2.2,-0.2,6.0,5.0,1.0,1903.5865100842464,1601.299481636189,302.2870284480573,4.0,73.0,-69.0,True,False,False,False,1.5,,,,TIMED,2026-06-21T15:20:13Z,1,dup_00049450,1991.5705658156267,1631.4132442450366,360.15732157059006,40.3722160272165,16.77614256858059,23.596073458635914,2.2647636837649303,0.6991497020229562,1.565613981741974,1.8953878672762043,0.9992847774030457,0.8961030898731587,1.2654789063618845,-1.196238165253248,1958.6097600611681,1622.6145166611504,335.99524340001767,5,78,-73,1828.02,1346.88,481.1399999999999,0.0,5.0,,,2026-06-11,2026-06-11,2055.0,1557.0,498.0,,,2026-06-22,2026-06-22,,,,,,,,,,,,,,,,,1360.0,,,,,,,,,,,,,,234.5,,,,,,,,,,,,,,1125.5,,,,,,,,,,,,,,,,,1.0,1.0,0.75,0.0,0.0,0.0,,1.0,1.0,0.75,0.0,0.0,0.0,,0.0,0.0,0.0,0.0,
football_data_537412,football-data,2026-06-23 23:00:00,Panama,Croatia,False,FIFA World Cup,world_cup,GROUP_STAGE,GROUP_L,,,,,,,,,,,,5,5,10,10,0.4,0.4,0.4,0.6,1.8,1.4,2.2,2.2,-0.4,-0.8,1.7,2.0,1.6,1.4,0.1,0.6,6.0,6.0,0.0,1705.3949143247341,1820.0711612626042,-114.67624693787002,34.0,11.0,23.0,True,False,False,False,1.5,,,,TIMED,2026-06-21T15:20:13Z,1,dup_00049451,1745.228345571784,1879.7892082935905,-134.56086272180642,11.163243924958934,26.200791789142627,-15.037547864183693,0.9312246323893991,1.775365258731367,-0.844140626341968,0.7163524483780638,1.137228553934871,-0.4208761055568072,-0.20600392154547187,1.0590128103533032,1731.0613286225575,1857.1548406892869,-126.09351206672932,41,15,26,1539.16,1714.87,-175.7099999999998,-11.0,1.0,,,2026-06-11,2026-06-11,1683.0,1881.0,-198.0,,,2026-06-22,2026-06-22,,,,,,,,,,,,,,,,,34.55,,,,,,,,,,,,,,387.3,,,,,,,,,,,,,,-352.75,,,,,,,,,,,,,,,,,0.0,0.0,0.0,0.0,0.0,0.0,,1.0,1.0,0.75,0.0,0.0,0.0,,-1.0,-1.0,-0.75,0.0,
worldcup_2026_3fc5b62f6dcbe6aa,worldcup_json,2026-06-24 00:00:00,Bosnia and Herzegovina,Qatar,True,World Cup 2026,world_cup,Matchday 14,Group B,,,,,,,,,,,,5,5,10,10,0.0,0.0,0.2,0.1,0.8,0.2,1.4,2.2,-0.6,-2.0,1.5,0.5,1.3,1.6,0.2,-1.1,6.0,6.0,0.0,1589.418183027526,1591.3733498873034,-1.9551668597773642,64.0,56.0,8.0,True,False,False,False,1.5,,,,SCHEDULED,,2,dup_00049453,1618.8655390599167,1588.4038261903677,30.461712869549046,16.679208750737935,5.915511738783721,10.763697011954214,0.904269525073689,0.4767701448915067,0.42749938018218225,0.7481458962511935,-0.06897026885129742,0.817116165102491,0.9732397939249864,-0.27137575135968683,1601.989920329048,1593.7992262213547,8.190694107693162,86,88,-2,1387.22,1450.31,-63.08999999999992,-10.0,22.0,,,2026-06-11,2026-06-11,1596.0,1437.0,159.0,,,2026-06-22,2026-06-22,,,,,,,,,,,,,,,,,146.4,,,,,,,,,,,,,,19.93,,,,,,,,,,,,,,126.47,,,,,,,,,,,,,,,,,0.0,0.0,0.0,0.0,0.0,0.0,,0.0,0.0,0.0,0.0,0.0,0.0,,0.0,0.0,0.0,0.0,
worldcup_2026_953a8304429d6ca6,worldcup_json,2026-06-24 00:00:00,Switzerland,Canada,True,World Cup 2026,world_cup,Matchday 14,Group B,,,,,,,,,,,,5,5,10,10,0.4,0.4,0.4,0.3,2.0,2.0,0.8,0.4,1.2,1.6,2.0,1.4,1.0,0.5,1.0,0.9,6.0,6.0,0.0,1793.4045830857822,1752.5330980021706,40.87148508361156,19.0,30.0,-11.0,True,False,False,False,1.5,,,,SCHEDULED,,2,dup_00049454,1865.5651198650328,1815.8068324043224,49.758287460710335,30.89085579874796,26.581619299184776,4.309236499563184,1.8877529453665942,1.6711939259900666,0.21655901937652766,1.4370033003336928,1.6088871007859573,-0.17188380045226448,0.2788658445806369,0.23419062565637372,1837.4489491054107,1793.0558456975157,44.39310340789507,17,28,-11,1650.06,1559.48,90.57999999999993,0.0,-19.0,,,2026-06-11,2026-06-11,1885.0,1777.0,108.0,,,2026-06-22,2026-06-22,,,,,,,,,,,,,,,,,332.5,,,,,,,,,,,,,,198.65,,,,,,,,,,,,,,133.85,,,,,,,,,,,,,,,,,0.0,0.0,0.0,0.0,0.0,0.0,,0.0,0.0,0.25,0.0,0.0,1.0,,0.0,0.0,-0.25,0.0,
worldcup_2026_a0fd9126179a044f,worldcup_json,2026-06-24 00:00:00,Morocco,Haiti,True,World Cup 2026,world_cup,Matchday 14,Group C,,,,,,,,,,,,5,5,10,10,0.6,0.0,0.6,0.3,2.4,0.2,0.4,2.0,2.0,-1.8,2.0,0.9,0.4,1.2,1.6,-0.3,4.0,3.0,1.0,1857.6316601901233,1580.1427310888528,277.4889291012705,7.0,83.0,-76.0,True,False,False,False,1.5,,,,SCHEDULED,,2,dup_00049456,1932.3123626350484,1602.0593354715745,330.2530271634739,39.758522659389165,6.438261451429963,33.3202612079592,1.4837568771567364,0.6012719809921108,0.8824848961646257,2.014282704919017,0.8462726292095647,1.1680100757094523,0.6374842479471717,-1.4130107239269063,1897.7757852430855,1600.047825816234,297.7279594268514,11,87,-76,1755.1,1293.1,462.0,-6.0,-7.0,,,2026-06-11,2026-06-11,1866.0,1528.0,338.0,,,2026-06-22,2026-06-22,,,,,,,,,,,,,,,,,447.7,,,,,,,,,,,,,,55.9,,,,,,,,,,,,,,391.8,,,,,,,,,,,,,,,,,1.0,1.0,0.75,0.0,0.0,0.0,,0.0,0.0,0.0,0.0,0.0,0.0,,1.0,1.0,0.75,0.0,
worldcup_2026_a45443f21a65220d,worldcup_json,2026-06-24 00:00:00,Scotland,Brazil,True,World Cup 2026,world_cup,Matchday 14,Group C,,,,,,,,,,,,5,5,10,10,0.8,0.8,0.6,0.6,2.0,3.0,0.4,0.8,1.6,2.2,1.8,2.4,1.0,1.1,0.8,1.3,4.0,3.0,1.0,1709.1527893716577,1910.2137716367233,-201.0609822650656,42.0,6.0,36.0,True,False,False,False,1.5,,,,SCHEDULED,,2,dup_00049457,1766.677872235291,1982.7823302607596,-216.1044580254686,25.77097932356703,35.551314119303996,-9.780334795736966,1.1617827385743147,2.103260073678295,-0.9414773351039805,1.568902134177903,1.7543282704873993,-0.18542613630949623,-0.5925455319130846,0.5343579395003921,1737.2749738645161,1964.5034268975894,-227.22845303307327,40,4,36,1503.34,1765.86,-262.52,3.0,1.0,,,2026-06-11,2026-06-11,1768.0,1986.0,-218.0,,,2026-06-22,2026-06-22,,,,,,,,,,,,,,,,,170.25,,,,,,,,,,,,,,928.2,,,,,,,,,,,,,,-757.95,,,,,,,,,,,,,,,,,1.0,0.0,0.5,0.0,0.0,0.0,,3.0,1.0,1.0,0.0,0.0,0.0,,-2.0,-1.0,-0.5,0.0,
worldcup_2026_becd9cfb3d883107,worldcup_json,2026-06-24 00:00:00,Czechia,Mexico,True,World Cup 2026,world_cup,Matchday 14,Group A,,,,,,,,,,,,5,5,10,10,0.4,1.0,0.4,0.8,2.0,2.0,1.4,0.2,0.6,1.8,2.2,1.8,1.3,0.2,0.9,1.6,6.0,4.0,2.0,1672.0855038411928,1856.631277245402,-184.54577340420929,40.0,14.0,26.0,True,False,False,False,1.5,,,,SCHEDULED,,2,dup_00049455,1706.586390935108,1925.1920581608492,-218.60566722574117,14.84212410852205,41.586592129760284,-26.744468021238234,1.169375975384492,1.2022117014570581,-0.03283572607256624,0.9273496545763531,2.1166383072339263,-1.1892886526575732,-0.9472623318494344,0.27486204688070504,1696.0921633196654,1891.0983792624895,-195.00621594282416,52,12,40,1505.74,1687.48,-181.74,4.0,0.0,,,2026-06-11,2026-06-11,1696.0,1896.0,-200.0,,,2026-06-22,2026-06-22,,,,,,,,,,,,,,,,,188.18,,,,,,,,,,,,,,191.85,,,,,,,,,,,,,,-3.6699999999999875,,,,,,,,,,,,,,,,,0.0,0.0,0.0,0.0,0.0,0.0,,0.0,0.0,0.0,0.0,0.0,0.0,,0.0,0.0,0.0,0.0,
worldcup_2026_f8059483abe02329,worldcup_json,2026-06-24 00:00:00,South Africa,South Korea,True,World Cup 2026,world_cup,Matchday 14,Group A,,,,,,,,,,,,5,5,10,10,0.2,0.6,0.3,0.6,0.6,1.0,1.0,0.8,-0.4,0.2,1.0,1.3,1.2,0.9,-0.2,0.4,6.0,4.0,2.0,1619.809984886091,1783.4326949763015,-163.6227100902106,60.0,25.0,35.0,True,False,False,False,1.5,,,,SCHEDULED,,2,dup_00049458,1638.6137060838626,1823.1452919329736,-184.53158584911102,11.066288648886658,25.23184030744551,-14.16555165855885,0.6177917106475953,1.1904993574682445,-0.5727076468206492,0.7598510583518823,1.3438236383093443,-0.583972579957462,-0.726031927661749,0.43064829911636227,1635.0950708793798,1809.893707385026,-174.79863650564607,70,25,45,1428.38,1591.63,-163.25,1.0,2.0,,,2026-06-11,2026-06-11,1527.0,1771.0,-244.0,,,2026-06-22,2026-06-22,,,,,,,,,,,,,,,,,49.25,,,,,,,,,,,,,,139.05,,,,,,,,,,,,,,-89.80000000000001,,,,,,,,,,,,,,,,,0.0,0.0,0.0,0.0,0.0,0.0,,0.0,0.0,0.0,0.0,0.0,0.0,,0.0,0.0,0.0,0.0,
worldcup_2026_554aa48269cf8a96,worldcup_json,2026-06-25 00:00:00,Curaçao,Ivory Coast,True,World Cup 2026,world_cup,Matchday 15,Group E,,,,,,,,,,,,5,5,10,10,0.2,0.8,0.2,0.7,1.2,1.8,2.2,0.6,-1.0,1.2,1.5,1.9,1.9,0.9,-0.4,1.0,4.0,4.0,0.0,1539.0591894358683,1733.348573275888,-194.28938384001958,82.0,33.0,49.0,True,False,False,False,1.5,,,,SCHEDULED,,2,dup_00049459,1583.5229895637344,1777.071094388121,-193.54810482438666,11.222603294408978,29.42995224593386,-18.207348951524878,0.6350496395057968,1.2371378220765081,-0.6020881825707113,0.4543116675416046,1.5095479422391407,-1.0552362746975361,-0.8744983027333438,0.7828261545349036,1562.792275326485,1756.6825636881345,-193.89028836164948,100,34,66,1294.77,1540.87,-246.0999999999999,,-5.0,,,2026-06-11,2026-06-11,1453.0,1728.0,-275.0,,,2026-06-22,2026-06-22,,,,,,,,,,,,,,,,,25.78,,,,,,,,,,,,,,522.1,,,,,,,,,,,,,,-496.32000000000005,,,,,,,,,,,,,,,,,0.0,0.0,0.0,0.0,0.0,0.0,,0.0,0.0,0.0,0.0,0.0,0.0,,0.0,0.0,0.0,0.0,
worldcup_2026_6ec1d75cfc147850,worldcup_json,2026-06-25 00:00:00,Ecuador,Germany,True,World Cup 2026,world_cup,Matchday 15,Group E,,,,,,,,,,,,5,5,10,10,0.4,1.0,0.3,1.0,1.0,3.4,0.4,0.8,0.6,2.6,1.0,3.4,0.5,0.7,0.5,2.7,4.0,4.0,0.0,1793.080331758851,1878.2613588121524,-85.18102705330148,23.0,10.0,13.0,True,False,False,False,1.5,,,,SCHEDULED,,2,dup_00049460,1855.979501149519,1952.4953582943838,-96.51585714486487,19.127690029913428,41.47689866652588,-22.34920863661245,0.3940464428562868,2.7125419883997415,-2.318495545543455,2.2362384303332554,1.482488624131985,0.7537498062012704,-1.0884421812756981,0.47630355806648605,1832.2751153251695,1924.8036791916297,-92.52856386646022,19,8,11,1598.52,1735.77,-137.25,-8.0,-6.0,,,2026-06-11,2026-06-11,1864.0,1954.0,-90.0,,,2026-06-22,2026-06-22,,,,,,,,,,,,,,,,,368.7,,,,,,,,,,,,,,947.0,,,,,,,,,,,,,,-578.3,,,,,,,,,,,,,,,,,0.0,0.0,0.0,0.0,0.0,0.0,,2.0,2.0,1.0,0.0,1.0,0.0,,-2.0,-2.0,-1.0,0.0,
worldcup_2026_7f55f1d4da4e4dd4,worldcup_json,2026-06-25 00:00:00,Japan,Sweden,True,World Cup 2026,world_cup,Matchday 15,Group F,,,,,,,,,,,,5,5,10,10,0.8,0.4,0.8,0.4,2.4,2.8,0.4,2.4,2.0,0.4,2.3,2.2,0.6,2.1,1.7,0.1,3.0,4.0,-1.0,1866.1893368766162,1708.3904133405697,157.79892353604646,18.0,38.0,-20.0,True,False,False,False,1.5,,,,SCHEDULED,,2,dup_00049461,1945.9910251859974,1763.7863639310258,182.2046612549716,36.22358653839201,24.54440433808497,11.679182200307043,2.13154818114354,2.0832509731343882,0.04829720800915194,1.7650657026888699,0.5344406038705032,1.2306250988183667,1.597107577273037,0.31818527044551836,1916.8524958758474,1742.1583653456948,174.6941305301525,10,38,-28,1661.58,1509.79,151.78999999999996,0.0,11.0,,,2026-06-11,2026-06-11,1925.0,1727.0,198.0,,,2026-06-22,2026-06-22,,,,,,,,,,,,,,,,,270.85,,,,,,,,,,,,,,406.08,,,,,,,,,,,,,,-135.22999999999996,,,,,,,,,,,,,,,,,2.0,1.0,1.0,0.0,0.0,0.0,,0.0,0.0,0.0,0.0,0.0,0.0,,2.0,1.0,1.0,0.0,
worldcup_2026_a7057edddb165a2c,worldcup_json,2026-06-25 00:00:00,Turkey,United States,True,World Cup 2026,world_cup,Matchday 15,Group D,,,,,,,,,,,,5,5,10,10,0.2,0.8,0.5,0.7,0.4,2.8,1.4,1.2,-1.0,1.6,1.2,2.5,0.9,1.6,0.3,0.9,4.0,5.0,-1.0,1725.1625935187974,1785.4528538229033,-60.290260304105914,22.0,17.0,5.0,True,False,False,False,1.5,,,,SCHEDULED,,2,dup_00049464,1769.018863963406,1863.7374327297896,-94.71856876638367,15.925456587288114,41.93478763766278,-26.009331050374666,1.020192078124401,2.3405883619358123,-1.3203962838114114,1.2980197905513093,1.5070028706927623,-0.20898308014145295,-0.48681079256836135,1.042568571384503,1753.5352105676568,1832.3389675897765,-78.80375702211973,36,18,18,1605.73,1671.23,-65.5,-18.0,6.0,,,2026-06-11,2026-06-11,1813.0,1820.0,-7.0,,,2026-06-22,2026-06-22,,,,,,,,,,,,,,,,,473.7,,,,,,,,,,,,,,385.6,,,,,,,,,,,,,,88.09999999999997,,,,,,,,,,,,,,,,,1.0,0.0,0.5,0.0,0.0,0.0,,0.0,0.0,0.5,0.0,0.0,0.0,,1.0,0.0,0.0,0.0,
worldcup_2026_dbe2a2978cbe2991,worldcup_json,2026-06-25 00:00:00,Tunisia,Netherlands,True,World Cup 2026,world_cup,Matchday 15,Group F,,,,,,,,,,,,5,5,10,10,0.0,0.4,0.1,0.6,0.4,2.0,4.6,1.2,-4.2,0.8,0.5,2.5,2.6,0.8,-2.1,1.7,3.0,4.0,-1.0,1632.561458631761,1867.0173141734215,-234.4558555416604,45.0,8.0,37.0,True,False,False,False,1.5,,,,SCHEDULED,,2,dup_00049463,1627.146343523349,1945.0242983606481,-317.87795483729906,6.355062898898656,37.52007336994941,-31.165010471050753,0.589861951384326,2.4695025946953573,-1.8796406433110313,-0.012426271198970912,1.6489685492050992,-1.66139482040407,-1.0591065978207732,2.481928865894328,1636.9673086168086,1918.7251911898056,-281.757882572997,69,9,60,1476.41,1753.57,-277.15999999999985,4.0,0.0,,59.059999999999945,2026-06-11,2026-06-11,1570.0,1972.0,-402.0,,,2026-06-22,2026-06-22,,,,,,,,,,,,,,,,,69.95,,,,,,,,,,,,,,754.2,,,,,,,,,,,,,,-684.25,,,,,,,,,,,,,,,,,0.0,0.0,0.0,0.0,0.0,0.0,,2.0,0.0,1.0,0.0,0.0,0.0,,-2.0,0.0,-1.0,0.0,
worldcup_2026_f9e2f1b9aefbc4fb,worldcup_json,2026-06-25 00:00:00,Paraguay,Australia,True,World Cup 2026,world_cup,Matchday 15,Group D,,,,,,,,,,,,5,5,10,10,0.6,0.4,0.5,0.4,1.6,1.0,1.6,0.8,0.0,0.2,1.3,1.2,1.5,1.1,-0.2,0.1,4.0,5.0,-1.0,1753.5811874091087,1791.1096976211952,-37.52851021208653,41.0,27.0,14.0,True,False,False,False,1.5,,,,SCHEDULED,,2,dup_00049462,1813.3241083856158,1853.0121699251206,-39.688061539504815,29.98972752067035,32.497852249466916,-2.5081247287965667,1.109159080874568,1.3119125707353771,-0.2027534898608092,1.4451180311646854,1.9460699129959795,-0.5009518818312941,-0.8369108321214116,-0.13320546042930825,1775.6035824717605,1827.9975603619762,-52.39397789021564,30,20,10,1505.35,1579.34,-73.99000000000001,-15.0,3.0,,,2026-06-11,2026-06-11,1816.0,1799.0,17.0,,,2026-06-22,2026-06-22,,,,,,,,,,,,,,,,,153.65,,,,,,,,,,,,,,77.45,,,,,,,,,,,,,,76.2,,,,,,,,,,,,,,,,,0.0,0.0,0.0,0.0,0.0,0.0,,2.0,0.0,1.0,0.0,0.0,0.0,,-2.0,0.0,-1.0,0.0,
worldcup_2026_0df4483ac45863d3,worldcup_json,2026-06-26 00:00:00,Egypt,Iran,True,World Cup 2026,world_cup,Matchday 16,Group G,,,,,,,,,,,,5,5,10,10,0.6,0.4,0.5,0.4,1.8,1.8,1.0,1.0,0.8,0.8,1.6,1.7,0.8,0.7,0.8,1.0,3.0,4.0,-1.0,1755.1724625733445,1793.4319452694792,-38.25948269613468,29.0,20.0,9.0,True,False,False,False,1.5,,,,SCHEDULED,,2,dup_00049466,1806.262422455911,1831.9409462109008,-25.678523754989783,31.232333815074323,21.08660096502291,10.145732850051413,1.2199324422398967,1.1459511161670328,0.0739813260728639,1.6622350363893392,1.450265727358956,0.21196930903038314,-0.23033328511905937,-0.5162839202223064,1780.127447225673,1824.7079988525272,-44.58055162685423,29,22,7,1562.37,1619.58,-57.210000000000036,-8.0,0.0,,,2026-06-11,2026-06-11,1711.0,1766.0,-55.0,,,2026-06-22,2026-06-22,,,,,,,,,,,,,,,,,116.48,,,,,,,,,,,,,,32.05,,,,,,,,,,,,,,84.43,,,,,,,,,,,,,,,,,0.0,0.0,0.0,0.0,0.0,0.0,,0.0,0.0,0.0,0.0,0.0,0.0,,0.0,0.0,0.0,0.0,
worldcup_2026_1bbd3038e76a3fe5,worldcup_json,2026-06-26 00:00:00,Cape Verde,Saudi Arabia,True,World Cup 2026,world_cup,Matchday 16,Group H,,,,,,,,,,,,5,5,10,10,0.2,0.2,0.2,0.2,1.2,1.0,1.2,1.4,0.0,-0.4,1.5,0.8,1.4,1.6,0.1,-0.8,4.0,4.0,0.0,1622.0923190428848,1645.3906629512305,-23.298343908345714,67.0,61.0,6.0,True,False,False,False,1.5,,,,SCHEDULED,,2,dup_00049465,1653.8001761630087,1671.1034455637978,-17.303269400789077,18.451186032503717,15.58739114169554,2.863794890808176,0.6782707831814986,0.6134451929142303,0.06482559026726831,0.9421304640757805,0.7971119214191688,0.14501854265661174,-0.11884113823767017,-0.3286852711615502,1631.18231255831,1661.260313116414,-30.078000558103895,74,65,9,1371.11,1423.88,-52.77000000000021,9.0,8.0,,,2026-06-11,2026-06-11,1625.0,1593.0,32.0,,,2026-06-22,2026-06-22,,,,,,,,,,,,,,,,,49.25,,,,,,,,,,,,,,40.68,,,,,,,,,,,,,,8.57,,,,,,,,,,,,,,,,,0.0,0.0,0.0,0.0,0.0,0.0,,0.0,0.0,0.0,0.0,0.0,0.0,,0.0,0.0,0.0,0.0,
worldcup_2026_518d5ec9682489ec,worldcup_json,2026-06-26 00:00:00,Uruguay,Spain,True,World Cup 2026,world_cup,Matchday 16,Group H,,,,,,,,,,,,5,5,10,10,0.0,0.4,0.3,0.6,1.0,1.6,1.8,0.4,-0.8,1.2,1.1,2.3,1.0,0.4,0.1,1.9,4.0,4.0,0.0,1810.7198735514362,1972.4620394780643,-161.7421659266281,16.0,2.0,14.0,True,False,False,False,1.5,,,,SCHEDULED,,2,dup_00049470,1865.1316224085188,2063.694234320378,-198.56261191185945,22.1883757378807,39.654586799674775,-17.466211061794073,1.0750367271103352,2.287384165096873,-1.2123474379865378,1.5059144621503129,1.8412893201535323,-0.3353748580032194,-0.7662525930431971,0.78146970294656,1848.882864602851,2029.908784276633,-181.02591967378203,16,2,14,1673.07,1874.71,-201.6400000000001,1.0,-6.0,,,2026-06-11,2026-06-11,1851.0,2134.0,-283.0,,,2026-06-22,2026-06-22,,,,,,,,,,,,,,,,,359.3,,,,,,,,,,,,,,1220.0,,,,,,,,,,,,,,-860.7,,,,,,,,,,,,,,,,,1.0,0.0,0.5,0.0,0.0,0.0,,1.0,0.0,0.5,0.0,0.0,0.0,,0.0,0.0,0.0,0.0,
worldcup_2026_8232d5288849367f,worldcup_json,2026-06-26 00:00:00,New Zealand,Belgium,True,World Cup 2026,world_cup,Matchday 16,Group G,,,,,,,,,,,,5,5,10,10,0.0,0.4,0.1,0.5,1.2,1.8,2.2,0.4,-1.0,1.4,1.1,2.6,2.2,0.7,-1.1,1.9,3.0,4.0,-1.0,1626.4887782461228,1824.9563628704404,-198.46758462431762,85.0,9.0,76.0,True,False,False,False,1.5,,,,SCHEDULED,,2,dup_00049467,1667.7809396365074,1880.997147263131,-213.2162076266236,10.426801815410562,26.504043439387278,-16.077241623976718,1.4960531514591107,1.8025311012427923,-0.3064779497836816,0.5483961292295474,1.561493184605399,-1.0130970553758516,-0.06544003314628832,1.2541349720132449,1662.6131033439262,1869.9571937805486,-207.3440904366223,64,13,51,1275.58,1742.24,-466.6600000000001,-19.0,6.0,,,2026-06-11,2026-06-11,1578.0,1869.0,-291.0,,,2026-06-22,2026-06-22,,,,,,,,,,,,,,,,,34.45,,,,,,,,,,,,,,547.5,,,,,,,,,,,,,,-513.05,,,,,,,,,,,,,,,,,0.0,0.0,0.0,0.0,0.0,0.0,,0.0,0.0,0.0,0.0,0.0,0.0,,0.0,0.0,0.0,0.0,
worldcup_2026_a5679a517895a479,worldcup_json,2026-06-26 00:00:00,Norway,France,True,World Cup 2026,world_cup,Matchday 16,Group I,,,,,,,,,,,,5,5,10,10,0.4,0.8,0.6,0.8,1.8,2.4,1.0,1.2,0.8,1.2,3.4,2.6,0.9,1.0,2.5,1.6,9.0,9.0,0.0,1764.6337379503705,1946.3971386964674,-181.76340074609698,31.0,3.0,28.0,True,False,False,False,1.5,,,,SCHEDULED,,2,dup_00049468,1863.3258393854876,2027.800729482219,-164.47489009673131,37.78087471455639,39.24063740149461,-1.4597626869382196,2.6440697537131608,2.0983134411924516,0.5457563125207092,1.4726918895071925,1.7308145573525975,-0.25812266784540494,0.9132551963605633,0.625621551685259,1817.95145934649,1995.7375385167015,-177.78607917021145,23,3,20,1557.44,1870.7,-313.26,-16.0,1.0,,,2026-06-11,2026-06-11,1929.0,2084.0,-155.0,,,2026-06-22,2026-06-22,,,,,,,,,,,,,,,,,589.9,,,,,,,,,,,,,,1520.0,,,,,,,,,,,,,,-930.1,,,,,,,,,,,,,,,,,0.0,0.0,0.0,0.0,0.0,0.0,,0.0,0.0,0.25,0.0,0.0,0.0,,0.0,0.0,-0.25,0.0,
worldcup_2026_d146f7625a7093a2,worldcup_json,2026-06-26 00:00:00,Senegal,Iraq,True,World Cup 2026,world_cup,Matchday 16,Group I,,,,,,,,,,,,5,5,10,10,0.4,0.4,0.6,0.5,1.6,1.0,1.4,1.6,0.2,-0.6,1.6,1.1,1.1,1.3,0.5,-0.2,9.0,9.0,0.0,1788.5446469613116,1672.1871533422045,116.35749361910712,15.0,57.0,-42.0,True,False,False,False,1.5,,,,SCHEDULED,,2,dup_00049469,1829.8195066671465,1689.9368406585106,139.88266600863585,22.426543179424566,16.557759627911114,5.868783551513452,1.320930577465353,0.5101773373832699,0.8107532400820832,1.0544942084932871,0.8780456454273632,0.17644856306592394,0.44288493203798984,-0.5443168711100173,1812.0503758836314,1682.7958144900379,129.25456139359358,24,55,-31,1684.07,1446.28,237.78999999999996,-2.0,-1.0,,,2026-06-11,2026-06-11,1839.0,1592.0,247.0,,,2026-06-22,2026-06-22,,,,,,,,,,,,,,,,,478.1,,,,,,,,,,,,,,21.2,,,,,,,,,,,,,,456.90000000000003,,,,,,,,,,,,,,,,,0.0,0.0,0.0,0.0,0.0,0.0,,0.0,0.0,0.0,0.0,0.0,0.0,,0.0,0.0,0.0,0.0,
worldcup_2026_4b13c4bf184689bf,worldcup_json,2026-06-27 00:00:00,Algeria,Austria,True,World Cup 2026,world_cup,Matchday 17,Group J,,,,,,,,,,,,5,5,10,10,0.4,1.0,0.6,0.8,1.0,2.6,1.2,0.6,-0.2,2.0,1.7,2.8,0.9,0.6,0.8,2.2,9.0,9.0,0.0,1763.175535227594,1768.3857363216907,-5.210201094096647,28.0,24.0,4.0,True,False,False,False,1.5,,,,SCHEDULED,,2,dup_00049471,1807.540414046503,1842.2569634386127,-34.716549392109755,24.33388048153719,31.783179782325757,-7.449299300788567,1.2887765987888127,1.7434578491385564,-0.4546812503497437,1.1075780866570537,1.4977963127500564,-0.3902182260930027,-0.20901971396124375,0.6358797624815027,1793.2658770961682,1807.0958012535978,-13.82992415742956,27,26,1,1571.03,1597.4,-26.37000000000012,-15.0,-1.0,,,2026-06-11,2026-06-11,1759.0,1857.0,-98.0,,,2026-06-22,2026-06-22,,,,,,,,,,,,,,,,,256.9,,,,,,,,,,,,,,245.2,,,,,,,,,,,,,,11.699999999999989,,,,,,,,,,,,,,,,,1.0,1.0,1.0,0.0,1.0,0.0,,0.0,0.0,0.0,0.0,0.0,0.0,,1.0,1.0,1.0,0.0,
worldcup_2026_5f5a94f72f45ee6c,worldcup_json,2026-06-27 00:00:00,Croatia,Ghana,True,World Cup 2026,world_cup,Matchday 17,Group L,,,,,,,,,,,,5,5,10,10,0.4,0.2,0.6,0.4,1.4,0.8,2.2,2.0,-0.8,-1.2,2.0,1.1,1.4,1.3,0.6,-0.2,9.0,9.0,0.0,1820.0711612626042,1601.299481636189,218.7716796264151,11.0,73.0,-62.0,True,False,False,False,1.5,,,,SCHEDULED,,2,dup_00049473,1879.7892082935905,1631.4132442450366,248.3759640485539,26.200791789142627,16.77614256858059,9.424649220562038,1.775365258731367,0.6991497020229562,1.0762155567084108,1.137228553934871,0.9992847774030457,0.13794377653182532,0.7760804813283214,-0.43807885191191476,1857.1548406892869,1622.6145166611504,234.5403240281364,15,78,-63,1714.87,1346.88,367.9899999999998,1.0,5.0,,,2026-06-11,2026-06-11,1881.0,1557.0,324.0,,,2026-06-22,2026-06-22,,,,,,,,,,,,,,,,,387.3,,,,,,,,,,,,,,234.5,,,,,,,,,,,,,,152.8,,,,,,,,,,,,,,,,,1.0,1.0,0.75,0.0,0.0,0.0,,1.0,1.0,0.75,0.0,0.0,0.0,,0.0,0.0,0.0,0.0,
worldcup_2026_79a2cefc680f300b,worldcup_json,2026-06-27 00:00:00,Jordan,Argentina,True,World Cup 2026,world_cup,Matchday 17,Group J,,,,,,,,,,,,5,5,10,10,0.0,1.0,0.3,0.9,1.0,3.2,2.8,0.0,-1.8,3.2,1.4,2.7,1.9,0.2,-0.5,2.5,9.0,9.0,0.0,1648.3701647990547,1998.349547973632,-349.9793831745774,63.0,1.0,62.0,True,False,False,False,1.5,,,,SCHEDULED,,2,dup_00049475,1688.1847000176604,2093.5068349883613,-405.322134970701,13.153332734468663,42.80888666008384,-29.65555392561518,1.1628206621371642,2.265605288144346,-1.1027846260071819,0.5676579269737035,2.301973021269835,-1.7343150942961314,-1.1391523591326709,1.6979473611706424,1676.2811580606235,2054.564136212861,-378.2829781522373,58,1,57,1387.74,1877.27,-489.53,-8.0,0.0,,,2026-06-11,2026-06-11,1653.0,2128.0,-475.0,,,2026-06-22,2026-06-22,,,,,,,,,,,,,,,,,20.3,,,,,,,,,,,,,,807.5,,,,,,,,,,,,,,-787.2,,,,,,,,,,,,,,,,,0.0,0.0,0.0,0.0,0.0,0.0,,2.0,1.0,1.0,0.0,0.0,0.0,,-2.0,-1.0,-1.0,0.0,
worldcup_2026_9b702abe8f8b5b5b,worldcup_json,2026-06-27 00:00:00,Colombia,Portugal,True,World Cup 2026,world_cup,Matchday 17,Group K,,,,,,,,,,,,5,5,10,10,0.6,0.6,0.7,0.6,2.0,1.4,1.4,0.6,0.6,0.8,2.5,2.2,1.1,1.0,1.4,1.2,10.0,9.0,1.0,1884.5695019359762,1876.6084062355096,7.961095700466558,13.0,5.0,8.0,True,False,False,False,1.5,,,,SCHEDULED,,2,dup_00049472,1970.7731261778692,1946.5550858528322,24.21804032503701,34.24442669707804,31.43640239380834,2.8080243032697005,2.212462988771742,2.013384764994402,0.1990782237773403,1.5847960574130555,1.3901947602668785,0.19460129714617702,0.8222682285048637,0.4285887075813464,1938.0251957490505,1926.2864978213354,11.738697927715066,6,7,-1,1698.35,1767.85,-69.5,1.0,-1.0,,,2026-06-11,2026-06-11,1998.0,1967.0,31.0,,,2026-06-22,2026-06-22,,,,,,,,,,,,,,,,,302.35,,,,,,,,,,,,,,1010.0,,,,,,,,,,,,,,-707.65,,,,,,,,,,,,,,,,,0.0,0.0,0.0,0.0,0.0,0.0,,0.0,0.0,0.0,0.0,0.0,0.0,,0.0,0.0,0.0,0.0,
worldcup_2026_a6bb428be169c03d,worldcup_json,2026-06-27 00:00:00,Panama,England,True,World Cup 2026,world_cup,Matchday 17,Group L,,,,,,,,,,,,5,5,10,10,0.4,0.6,0.4,0.8,1.8,1.8,2.2,0.8,-0.4,1.0,1.7,2.6,1.6,0.4,0.1,2.2,9.0,9.0,0.0,1705.3949143247341,1903.5865100842464,-198.1915957595122,34.0,4.0,30.0,True,False,False,False,1.5,,,,SCHEDULED,,2,dup_00049476,1745.228345571784,1991.5705658156267,-246.34222024384258,11.163243924958934,40.3722160272165,-29.20897210225757,0.9312246323893991,2.2647636837649303,-1.3335390513755312,0.7163524483780638,1.8953878672762043,-1.1790354188981405,-0.9641632348868052,1.5484112353868666,1731.0613286225575,1958.6097600611681,-227.54843143861058,41,5,36,1539.16,1828.02,-288.8599999999999,-11.0,0.0,,,2026-06-11,2026-06-11,1683.0,2055.0,-372.0,,,2026-06-22,2026-06-22,,,,,,,,,,,,,,,,,34.55,,,,,,,,,,,,,,1360.0,,,,,,,,,,,,,,-1325.45,,,,,,,,,,,,,,,,,0.0,0.0,0.0,0.0,0.0,0.0,,1.0,1.0,0.75,0.0,0.0,0.0,,-1.0,-1.0,-0.75,0.0,
worldcup_2026_f7b67dedd449377e,worldcup_json,2026-06-27 00:00:00,DR Congo,Uzbekistan,True,World Cup 2026,world_cup,Matchday 17,Group K,,,,,,,,,,,,5,5,10,10,0.4,0.2,0.4,0.3,1.0,1.0,0.6,1.6,0.4,-0.6,1.1,1.2,0.6,1.2,0.5,0.0,9.0,10.0,-1.0,1659.0689360078463,1715.2358761297128,-56.166940121866446,46.0,50.0,-4.0,True,False,False,False,1.5,,,,SCHEDULED,,2,dup_00049474,1703.3864245007726,1754.806554207162,-51.42012970638939,23.4464597274607,17.094996826321417,6.351462901139282,0.5636811237377647,0.7697704820690522,-0.2060893583312875,1.5226474501781808,1.227757921438226,0.2948895287399549,-0.6640767977004612,-0.7528769681091286,1677.6071463487685,1740.953204213249,-63.34605786448037,57,39,18,1474.43,1458.73,15.700000000000045,-17.0,-14.0,,,2026-06-11,2026-06-11,1674.0,1698.0,-24.0,,,2026-06-22,2026-06-22,,,,,,,,,,,,,,,,,143.9,,,,,,,,,,,,,,85.33,,,,,,,,,,,,,,58.57000000000001,,,,,,,,,,,,,,,,,0.0,0.0,0.0,0.0,0.0,0.0,,0.0,0.0,0.0,0.0,0.0,0.0,,0.0,0.0,0.0,0.0,
worldcup_2026_8d90d0ccc78d4529,worldcup_json,2026-06-28 00:00:00,2A,2B,True,World Cup 2026,world_cup,Round of 32,,,,,,,,,,,,,0,0,0,0,,,,,,,,,,,,,,,,,,,,1500.0,1500.0,0.0,,,,True,False,False,False,1.5,,,,SCHEDULED,,2,dup_00049530,1500.0,1500.0,0.0,0.0,0.0,0.0,0.0,0.0,0.0,0.0,0.0,0.0,0.0,0.0,1500.0,1500.0,0.0,155,155,0,,,,,,,,,,,,,,,,,,,,,,,,,,,,,,,,,,,,,,,,,,,,,,,,,,,,,,,,,,,,,,,,,,,,,,,,,,,,,,,,,,,,,,,,,,,,,,,,
worldcup_2026_4496f0836aa364bd,worldcup_json,2026-06-29 00:00:00,1E,3A/B/C/D/F,True,World Cup 2026,world_cup,Round of 32,,,,,,,,,,,,,0,0,0,0,,,,,,,,,,,,,,,,,,,,1500.0,1500.0,0.0,,,,True,False,False,False,1.5,,,,SCHEDULED,,2,dup_00049531,1500.0,1500.0,0.0,0.0,0.0,0.0,0.0,0.0,0.0,0.0,0.0,0.0,0.0,0.0,1500.0,1500.0,0.0,155,155,0,,,,,,,,,,,,,,,,,,,,,,,,,,,,,,,,,,,,,,,,,,,,,,,,,,,,,,,,,,,,,,,,,,,,,,,,,,,,,,,,,,,,,,,,,,,,,,,,
worldcup_2026_4e54bf73769bae2b,worldcup_json,2026-06-29 00:00:00,1C,2F,True,World Cup 2026,world_cup,Round of 32,,,,,,,,,,,,,0,0,0,0,,,,,,,,,,,,,,,,,,,,1500.0,1500.0,0.0,,,,True,False,False,False,1.5,,,,SCHEDULED,,2,dup_00049533,1500.0,1500.0,0.0,0.0,0.0,0.0,0.0,0.0,0.0,0.0,0.0,0.0,0.0,0.0,1500.0,1500.0,0.0,155,155,0,,,,,,,,,,,,,,,,,,,,,,,,,,,,,,,,,,,,,,,,,,,,,,,,,,,,,,,,,,,,,,,,,,,,,,,,,,,,,,,,,,,,,,,,,,,,,,,,
worldcup_2026_ce8ee4404ef22891,worldcup_json,2026-06-29 00:00:00,1F,2C,True,World Cup 2026,world_cup,Round of 32,,,,,,,,,,,,,0,0,0,0,,,,,,,,,,,,,,,,,,,,1500.0,1500.0,0.0,,,,True,False,False,False,1.5,,,,SCHEDULED,,2,dup_00049532,1500.0,1500.0,0.0,0.0,0.0,0.0,0.0,0.0,0.0,0.0,0.0,0.0,0.0,0.0,1500.0,1500.0,0.0,155,155,0,,,,,,,,,,,,,,,,,,,,,,,,,,,,,,,,,,,,,,,,,,,,,,,,,,,,,,,,,,,,,,,,,,,,,,,,,,,,,,,,,,,,,,,,,,,,,,,,
worldcup_2026_96ba64b8cc867490,worldcup_json,2026-06-30 00:00:00,1I,3C/D/F/G/H,True,World Cup 2026,world_cup,Round of 32,,,,,,,,,,,,,0,0,0,0,,,,,,,,,,,,,,,,,,,,1500.0,1500.0,0.0,,,,True,False,False,False,1.5,,,,SCHEDULED,,2,dup_00049534,1500.0,1500.0,0.0,0.0,0.0,0.0,0.0,0.0,0.0,0.0,0.0,0.0,0.0,0.0,1500.0,1500.0,0.0,155,155,0,,,,,,,,,,,,,,,,,,,,,,,,,,,,,,,,,,,,,,,,,,,,,,,,,,,,,,,,,,,,,,,,,,,,,,,,,,,,,,,,,,,,,,,,,,,,,,,,
worldcup_2026_b32b38bb92b749a7,worldcup_json,2026-06-30 00:00:00,1A,3C/E/F/H/I,True,World Cup 2026,world_cup,Round of 32,,,,,,,,,,,,,0,0,0,0,,,,,,,,,,,,,,,,,,,,1500.0,1500.0,0.0,,,,True,False,False,False,1.5,,,,SCHEDULED,,2,dup_00049536,1500.0,1500.0,0.0,0.0,0.0,0.0,0.0,0.0,0.0,0.0,0.0,0.0,0.0,0.0,1500.0,1500.0,0.0,155,155,0,,,,,,,,,,,,,,,,,,,,,,,,,,,,,,,,,,,,,,,,,,,,,,,,,,,,,,,,,,,,,,,,,,,,,,,,,,,,,,,,,,,,,,,,,,,,,,,,
worldcup_2026_ef42fb4686d22bba,worldcup_json,2026-06-30 00:00:00,2E,2I,True,World Cup 2026,world_cup,Round of 32,,,,,,,,,,,,,0,0,0,0,,,,,,,,,,,,,,,,,,,,1500.0,1500.0,0.0,,,,True,False,False,False,1.5,,,,SCHEDULED,,2,dup_00049535,1500.0,1500.0,0.0,0.0,0.0,0.0,0.0,0.0,0.0,0.0,0.0,0.0,0.0,0.0,1500.0,1500.0,0.0,155,155,0,,,,,,,,,,,,,,,,,,,,,,,,,,,,,,,,,,,,,,,,,,,,,,,,,,,,,,,,,,,,,,,,,,,,,,,,,,,,,,,,,,,,,,,,,,,,,,,,
worldcup_2026_0c550d552189a780,worldcup_json,2026-07-01 00:00:00,1D,3B/E/F/I/J,True,World Cup 2026,world_cup,Round of 32,,,,,,,,,,,,,0,0,0,0,,,,,,,,,,,,,,,,,,,,1500.0,1500.0,0.0,,,,True,False,False,False,1.5,,,,SCHEDULED,,2,dup_00049538,1500.0,1500.0,0.0,0.0,0.0,0.0,0.0,0.0,0.0,0.0,0.0,0.0,0.0,0.0,1500.0,1500.0,0.0,155,155,0,,,,,,,,,,,,,,,,,,,,,,,,,,,,,,,,,,,,,,,,,,,,,,,,,,,,,,,,,,,,,,,,,,,,,,,,,,,,,,,,,,,,,,,,,,,,,,,,
worldcup_2026_6db8c7eb06ff735f,worldcup_json,2026-07-01 00:00:00,1G,3A/E/H/I/J,True,World Cup 2026,world_cup,Round of 32,,,,,,,,,,,,,0,0,0,0,,,,,,,,,,,,,,,,,,,,1500.0,1500.0,0.0,,,,True,False,False,False,1.5,,,,SCHEDULED,,2,dup_00049539,1500.0,1500.0,0.0,0.0,0.0,0.0,0.0,0.0,0.0,0.0,0.0,0.0,0.0,0.0,1500.0,1500.0,0.0,155,155,0,,,,,,,,,,,,,,,,,,,,,,,,,,,,,,,,,,,,,,,,,,,,,,,,,,,,,,,,,,,,,,,,,,,,,,,,,,,,,,,,,,,,,,,,,,,,,,,,
worldcup_2026_bb7b82052b81d8a5,worldcup_json,2026-07-01 00:00:00,1L,3E/H/I/J/K,True,World Cup 2026,world_cup,Round of 32,,,,,,,,,,,,,0,0,0,0,,,,,,,,,,,,,,,,,,,,1500.0,1500.0,0.0,,,,True,False,False,False,1.5,,,,SCHEDULED,,2,dup_00049537,1500.0,1500.0,0.0,0.0,0.0,0.0,0.0,0.0,0.0,0.0,0.0,0.0,0.0,0.0,1500.0,1500.0,0.0,155,155,0,,,,,,,,,,,,,,,,,,,,,,,,,,,,,,,,,,,,,,,,,,,,,,,,,,,,,,,,,,,,,,,,,,,,,,,,,,,,,,,,,,,,,,,,,,,,,,,,
worldcup_2026_0e461634514c9389,worldcup_json,2026-07-02 00:00:00,2K,2L,True,World Cup 2026,world_cup,Round of 32,,,,,,,,,,,,,0,0,0,0,,,,,,,,,,,,,,,,,,,,1500.0,1500.0,0.0,,,,True,False,False,False,1.5,,,,SCHEDULED,,2,dup_00049540,1500.0,1500.0,0.0,0.0,0.0,0.0,0.0,0.0,0.0,0.0,0.0,0.0,0.0,0.0,1500.0,1500.0,0.0,155,155,0,,,,,,,,,,,,,,,,,,,,,,,,,,,,,,,,,,,,,,,,,,,,,,,,,,,,,,,,,,,,,,,,,,,,,,,,,,,,,,,,,,,,,,,,,,,,,,,,
worldcup_2026_7b2e4a6f2d2c1cba,worldcup_json,2026-07-02 00:00:00,1B,3E/F/G/I/J,True,World Cup 2026,world_cup,Round of 32,,,,,,,,,,,,,0,0,0,0,,,,,,,,,,,,,,,,,,,,1500.0,1500.0,0.0,,,,True,False,False,False,1.5,,,,SCHEDULED,,2,dup_00049542,1500.0,1500.0,0.0,0.0,0.0,0.0,0.0,0.0,0.0,0.0,0.0,0.0,0.0,0.0,1500.0,1500.0,0.0,155,155,0,,,,,,,,,,,,,,,,,,,,,,,,,,,,,,,,,,,,,,,,,,,,,,,,,,,,,,,,,,,,,,,,,,,,,,,,,,,,,,,,,,,,,,,,,,,,,,,,
worldcup_2026_d66d1a84df0b96cd,worldcup_json,2026-07-02 00:00:00,1H,2J,True,World Cup 2026,world_cup,Round of 32,,,,,,,,,,,,,0,0,0,0,,,,,,,,,,,,,,,,,,,,1500.0,1500.0,0.0,,,,True,False,False,False,1.5,,,,SCHEDULED,,2,dup_00049541,1500.0,1500.0,0.0,0.0,0.0,0.0,0.0,0.0,0.0,0.0,0.0,0.0,0.0,0.0,1500.0,1500.0,0.0,155,155,0,,,,,,,,,,,,,,,,,,,,,,,,,,,,,,,,,,,,,,,,,,,,,,,,,,,,,,,,,,,,,,,,,,,,,,,,,,,,,,,,,,,,,,,,,,,,,,,,
worldcup_2026_204ce100a6aac142,worldcup_json,2026-07-03 00:00:00,1K,3D/E/I/J/L,True,World Cup 2026,world_cup,Round of 32,,,,,,,,,,,,,0,0,0,0,,,,,,,,,,,,,,,,,,,,1500.0,1500.0,0.0,,,,True,False,False,False,1.5,,,,SCHEDULED,,2,dup_00049544,1500.0,1500.0,0.0,0.0,0.0,0.0,0.0,0.0,0.0,0.0,0.0,0.0,0.0,0.0,1500.0,1500.0,0.0,155,155,0,,,,,,,,,,,,,,,,,,,,,,,,,,,,,,,,,,,,,,,,,,,,,,,,,,,,,,,,,,,,,,,,,,,,,,,,,,,,,,,,,,,,,,,,,,,,,,,,
worldcup_2026_45764eb0cc7bd2e1,worldcup_json,2026-07-03 00:00:00,1J,2H,True,World Cup 2026,world_cup,Round of 32,,,,,,,,,,,,,0,0,0,0,,,,,,,,,,,,,,,,,,,,1500.0,1500.0,0.0,,,,True,False,False,False,1.5,,,,SCHEDULED,,2,dup_00049543,1500.0,1500.0,0.0,0.0,0.0,0.0,0.0,0.0,0.0,0.0,0.0,0.0,0.0,0.0,1500.0,1500.0,0.0,155,155,0,,,,,,,,,,,,,,,,,,,,,,,,,,,,,,,,,,,,,,,,,,,,,,,,,,,,,,,,,,,,,,,,,,,,,,,,,,,,,,,,,,,,,,,,,,,,,,,,
worldcup_2026_f4221b50d4e90222,worldcup_json,2026-07-03 00:00:00,2D,2G,True,World Cup 2026,world_cup,Round of 32,,,,,,,,,,,,,0,0,0,0,,,,,,,,,,,,,,,,,,,,1500.0,1500.0,0.0,,,,True,False,False,False,1.5,,,,SCHEDULED,,2,dup_00049545,1500.0,1500.0,0.0,0.0,0.0,0.0,0.0,0.0,0.0,0.0,0.0,0.0,0.0,0.0,1500.0,1500.0,0.0,155,155,0,,,,,,,,,,,,,,,,,,,,,,,,,,,,,,,,,,,,,,,,,,,,,,,,,,,,,,,,,,,,,,,,,,,,,,,,,,,,,,,,,,,,,,,,,,,,,,,,
worldcup_2026_42e1db37688ac337,worldcup_json,2026-07-04 00:00:00,W73,W75,True,World Cup 2026,world_cup,Round of 16,,,,,,,,,,,,,0,0,0,0,,,,,,,,,,,,,,,,,,,,1500.0,1500.0,0.0,,,,True,False,False,False,1.5,,,,SCHEDULED,,2,dup_00049547,1500.0,1500.0,0.0,0.0,0.0,0.0,0.0,0.0,0.0,0.0,0.0,0.0,0.0,0.0,1500.0,1500.0,0.0,155,155,0,,,,,,,,,,,,,,,,,,,,,,,,,,,,,,,,,,,,,,,,,,,,,,,,,,,,,,,,,,,,,,,,,,,,,,,,,,,,,,,,,,,,,,,,,,,,,,,,
worldcup_2026_b5835da22fb1f079,worldcup_json,2026-07-04 00:00:00,W74,W77,True,World Cup 2026,world_cup,Round of 16,,,,,,,,,,,,,0,0,0,0,,,,,,,,,,,,,,,,,,,,1500.0,1500.0,0.0,,,,True,False,False,False,1.5,,,,SCHEDULED,,2,dup_00049546,1500.0,1500.0,0.0,0.0,0.0,0.0,0.0,0.0,0.0,0.0,0.0,0.0,0.0,0.0,1500.0,1500.0,0.0,155,155,0,,,,,,,,,,,,,,,,,,,,,,,,,,,,,,,,,,,,,,,,,,,,,,,,,,,,,,,,,,,,,,,,,,,,,,,,,,,,,,,,,,,,,,,,,,,,,,,,
worldcup_2026_0c803ad9f61dc70a,worldcup_json,2026-07-05 00:00:00,W79,W80,True,World Cup 2026,world_cup,Round of 16,,,,,,,,,,,,,0,0,0,0,,,,,,,,,,,,,,,,,,,,1500.0,1500.0,0.0,,,,True,False,False,False,1.5,,,,SCHEDULED,,2,dup_00049549,1500.0,1500.0,0.0,0.0,0.0,0.0,0.0,0.0,0.0,0.0,0.0,0.0,0.0,0.0,1500.0,1500.0,0.0,155,155,0,,,,,,,,,,,,,,,,,,,,,,,,,,,,,,,,,,,,,,,,,,,,,,,,,,,,,,,,,,,,,,,,,,,,,,,,,,,,,,,,,,,,,,,,,,,,,,,,
worldcup_2026_2b978b4ac13333f9,worldcup_json,2026-07-05 00:00:00,W76,W78,True,World Cup 2026,world_cup,Round of 16,,,,,,,,,,,,,0,0,0,0,,,,,,,,,,,,,,,,,,,,1500.0,1500.0,0.0,,,,True,False,False,False,1.5,,,,SCHEDULED,,2,dup_00049548,1500.0,1500.0,0.0,0.0,0.0,0.0,0.0,0.0,0.0,0.0,0.0,0.0,0.0,0.0,1500.0,1500.0,0.0,155,155,0,,,,,,,,,,,,,,,,,,,,,,,,,,,,,,,,,,,,,,,,,,,,,,,,,,,,,,,,,,,,,,,,,,,,,,,,,,,,,,,,,,,,,,,,,,,,,,,,
worldcup_2026_461b3feba9e62839,worldcup_json,2026-07-06 00:00:00,W81,W82,True,World Cup 2026,world_cup,Round of 16,,,,,,,,,,,,,0,0,0,0,,,,,,,,,,,,,,,,,,,,1500.0,1500.0,0.0,,,,True,False,False,False,1.5,,,,SCHEDULED,,2,dup_00049551,1500.0,1500.0,0.0,0.0,0.0,0.0,0.0,0.0,0.0,0.0,0.0,0.0,0.0,0.0,1500.0,1500.0,0.0,155,155,0,,,,,,,,,,,,,,,,,,,,,,,,,,,,,,,,,,,,,,,,,,,,,,,,,,,,,,,,,,,,,,,,,,,,,,,,,,,,,,,,,,,,,,,,,,,,,,,,
worldcup_2026_4fa700438649d55d,worldcup_json,2026-07-06 00:00:00,W83,W84,True,World Cup 2026,world_cup,Round of 16,,,,,,,,,,,,,0,0,0,0,,,,,,,,,,,,,,,,,,,,1500.0,1500.0,0.0,,,,True,False,False,False,1.5,,,,SCHEDULED,,2,dup_00049550,1500.0,1500.0,0.0,0.0,0.0,0.0,0.0,0.0,0.0,0.0,0.0,0.0,0.0,0.0,1500.0,1500.0,0.0,155,155,0,,,,,,,,,,,,,,,,,,,,,,,,,,,,,,,,,,,,,,,,,,,,,,,,,,,,,,,,,,,,,,,,,,,,,,,,,,,,,,,,,,,,,,,,,,,,,,,,
worldcup_2026_4c8adc4e7ea71182,worldcup_json,2026-07-07 00:00:00,W85,W87,True,World Cup 2026,world_cup,Round of 16,,,,,,,,,,,,,0,0,0,0,,,,,,,,,,,,,,,,,,,,1500.0,1500.0,0.0,,,,True,False,False,False,1.5,,,,SCHEDULED,,2,dup_00049553,1500.0,1500.0,0.0,0.0,0.0,0.0,0.0,0.0,0.0,0.0,0.0,0.0,0.0,0.0,1500.0,1500.0,0.0,155,155,0,,,,,,,,,,,,,,,,,,,,,,,,,,,,,,,,,,,,,,,,,,,,,,,,,,,,,,,,,,,,,,,,,,,,,,,,,,,,,,,,,,,,,,,,,,,,,,,,
worldcup_2026_6453a989662215e1,worldcup_json,2026-07-07 00:00:00,W86,W88,True,World Cup 2026,world_cup,Round of 16,,,,,,,,,,,,,0,0,0,0,,,,,,,,,,,,,,,,,,,,1500.0,1500.0,0.0,,,,True,False,False,False,1.5,,,,SCHEDULED,,2,dup_00049552,1500.0,1500.0,0.0,0.0,0.0,0.0,0.0,0.0,0.0,0.0,0.0,0.0,0.0,0.0,1500.0,1500.0,0.0,155,155,0,,,,,,,,,,,,,,,,,,,,,,,,,,,,,,,,,,,,,,,,,,,,,,,,,,,,,,,,,,,,,,,,,,,,,,,,,,,,,,,,,,,,,,,,,,,,,,,,
worldcup_2026_7dcb887cc578ac84,worldcup_json,2026-07-09 00:00:00,W89,W90,True,World Cup 2026,world_cup,Quarter-final,,,,,,,,,,,,,0,0,0,0,,,,,,,,,,,,,,,,,,,,1500.0,1500.0,0.0,,,,True,False,False,False,1.5,,,,SCHEDULED,,2,dup_00049554,1500.0,1500.0,0.0,0.0,0.0,0.0,0.0,0.0,0.0,0.0,0.0,0.0,0.0,0.0,1500.0,1500.0,0.0,155,155,0,,,,,,,,,,,,,,,,,,,,,,,,,,,,,,,,,,,,,,,,,,,,,,,,,,,,,,,,,,,,,,,,,,,,,,,,,,,,,,,,,,,,,,,,,,,,,,,,
worldcup_2026_c1914fbe50df8efd,worldcup_json,2026-07-10 00:00:00,W93,W94,True,World Cup 2026,world_cup,Quarter-final,,,,,,,,,,,,,0,0,0,0,,,,,,,,,,,,,,,,,,,,1500.0,1500.0,0.0,,,,True,False,False,False,1.5,,,,SCHEDULED,,2,dup_00049555,1500.0,1500.0,0.0,0.0,0.0,0.0,0.0,0.0,0.0,0.0,0.0,0.0,0.0,0.0,1500.0,1500.0,0.0,155,155,0,,,,,,,,,,,,,,,,,,,,,,,,,,,,,,,,,,,,,,,,,,,,,,,,,,,,,,,,,,,,,,,,,,,,,,,,,,,,,,,,,,,,,,,,,,,,,,,,
worldcup_2026_4dfda332223ebb81,worldcup_json,2026-07-11 00:00:00,W91,W92,True,World Cup 2026,world_cup,Quarter-final,,,,,,,,,,,,,0,0,0,0,,,,,,,,,,,,,,,,,,,,1500.0,1500.0,0.0,,,,True,False,False,False,1.5,,,,SCHEDULED,,2,dup_00049556,1500.0,1500.0,0.0,0.0,0.0,0.0,0.0,0.0,0.0,0.0,0.0,0.0,0.0,0.0,1500.0,1500.0,0.0,155,155,0,,,,,,,,,,,,,,,,,,,,,,,,,,,,,,,,,,,,,,,,,,,,,,,,,,,,,,,,,,,,,,,,,,,,,,,,,,,,,,,,,,,,,,,,,,,,,,,,
worldcup_2026_7087f1d34b867b5c,worldcup_json,2026-07-11 00:00:00,W95,W96,True,World Cup 2026,world_cup,Quarter-final,,,,,,,,,,,,,0,0,0,0,,,,,,,,,,,,,,,,,,,,1500.0,1500.0,0.0,,,,True,False,False,False,1.5,,,,SCHEDULED,,2,dup_00049557,1500.0,1500.0,0.0,0.0,0.0,0.0,0.0,0.0,0.0,0.0,0.0,0.0,0.0,0.0,1500.0,1500.0,0.0,155,155,0,,,,,,,,,,,,,,,,,,,,,,,,,,,,,,,,,,,,,,,,,,,,,,,,,,,,,,,,,,,,,,,,,,,,,,,,,,,,,,,,,,,,,,,,,,,,,,,,
worldcup_2026_5fbce707b1fe1f55,worldcup_json,2026-07-14 00:00:00,W97,W98,True,World Cup 2026,world_cup,Semi-final,,,,,,,,,,,,,0,0,0,0,,,,,,,,,,,,,,,,,,,,1500.0,1500.0,0.0,,,,True,False,False,False,1.5,,,,SCHEDULED,,2,dup_00049558,1500.0,1500.0,0.0,0.0,0.0,0.0,0.0,0.0,0.0,0.0,0.0,0.0,0.0,0.0,1500.0,1500.0,0.0,155,155,0,,,,,,,,,,,,,,,,,,,,,,,,,,,,,,,,,,,,,,,,,,,,,,,,,,,,,,,,,,,,,,,,,,,,,,,,,,,,,,,,,,,,,,,,,,,,,,,,
worldcup_2026_8bfa183425216585,worldcup_json,2026-07-15 00:00:00,W99,W100,True,World Cup 2026,world_cup,Semi-final,,,,,,,,,,,,,0,0,0,0,,,,,,,,,,,,,,,,,,,,1500.0,1500.0,0.0,,,,True,False,False,False,1.5,,,,SCHEDULED,,2,dup_00049559,1500.0,1500.0,0.0,0.0,0.0,0.0,0.0,0.0,0.0,0.0,0.0,0.0,0.0,0.0,1500.0,1500.0,0.0,155,155,0,,,,,,,,,,,,,,,,,,,,,,,,,,,,,,,,,,,,,,,,,,,,,,,,,,,,,,,,,,,,,,,,,,,,,,,,,,,,,,,,,,,,,,,,,,,,,,,,
worldcup_2026_4c6fbb877b434aef,worldcup_json,2026-07-18 00:00:00,L101,L102,True,World Cup 2026,world_cup,Match for third place,,,,,,,,,,,,,0,0,0,0,,,,,,,,,,,,,,,,,,,,1500.0,1500.0,0.0,,,,True,False,False,False,1.5,,,,SCHEDULED,,2,dup_00049560,1500.0,1500.0,0.0,0.0,0.0,0.0,0.0,0.0,0.0,0.0,0.0,0.0,0.0,0.0,1500.0,1500.0,0.0,155,155,0,,,,,,,,,,,,,,,,,,,,,,,,,,,,,,,,,,,,,,,,,,,,,,,,,,,,,,,,,,,,,,,,,,,,,,,,,,,,,,,,,,,,,,,,,,,,,,,,
worldcup_2026_72046f03a3f703b4,worldcup_json,2026-07-19 00:00:00,W101,W102,True,World Cup 2026,world_cup,Final,,,,,,,,,,,,,0,0,0,0,,,,,,,,,,,,,,,,,,,,1500.0,1500.0,0.0,,,,True,False,False,False,1.5,,,,SCHEDULED,,2,dup_00049561,1500.0,1500.0,0.0,0.0,0.0,0.0,0.0,0.0,0.0,0.0,0.0,0.0,0.0,0.0,1500.0,1500.0,0.0,155,155,0,,,,,,,,,,,,,,,,,,,,,,,,,,,,,,,,,,,,,,,,,,,,,,,,,,,,,,,,,,,,,,,,,,,,,,,,,,,,,,,,,,,,,,,,,,,,,,,,
